measurementPoint,informationalAlerts,warningAlerts,minorAlerts,majorAlerts,severeAlerts,displayName,configuredCapacity,configuredCapacityUnit,totalBytes,totalBytesUnit,networkServiceIndicator,networkServiceIndicatorFactor,networkServiceIndicatorUnit,monitoringMechanism,maxMicroburst,maxMicroburstUnit,oneSecondPeak,oneSecondPeakUnit,recommendation,measuresMessages,packetMicroburstAvailable,effectiveCapacity,effectiveCapacityUnit,averageUtilisation,averageUtilisationUnit,linkSizePacketDelay,linkSizePacketDelayUnit,linkSizeQueueLength,linkSizeQueueLengthUnit
<!>cfgFile,/home/jpc/rnd/corvil/trunk/test/demo_get_summary_default.cfg
<!>updateIntervalSeconds,60
<!>updateInterval,1 minute
<!>noDataValues,unchanged
channel//London_CNE///Unknown%20Applications,,,,,,London_CNE[any] -> [any] Unknown Applications,0,kbps,1733205372,B,-1,100,,none,190891,kbps,52712,kbps,none,false,true,,,,,,,,
channel//London_CNE//DC_Chicago/,,,,,,London_CNE[any] -> [DC_Chicago] ,100000,kbps,1818684595,B,100,100,,pnqm,32514,kbps,13578,kbps,no-action-required,false,true,100000,kbps,4,%,13106,kbps,12976,kbps
channel//London_CNE//DC_Chicago/%40Chicago,,,,,,London_CNE[any] -> [DC_Chicago] @Chicago,100000,kbps,1818688136,B,-1,100,,none,87313,kbps,13566,kbps,none,false,true,100000,kbps,4,%,,,,
channel//London_CNE//DC_Frankfurt/,,,,,,London_CNE[any] -> [DC_Frankfurt] ,100000,kbps,7218105890,B,300,100,,pnqm,156480,kbps,70529,kbps,increase-buffer,false,true,100000,kbps,16,%,102801,kbps,142758,kbps
channel//London_CNE//DC_Frankfurt/%40Frankfurt,,,,,,London_CNE[any] -> [DC_Frankfurt] @Frankfurt,100000,kbps,7185151245,B,60,100,,tcp,98430,kbps,69459,kbps,none,false,true,100000,kbps,16,%,,,,
channel//London_CNE//LBM/,,,,,,London_CNE[any] -> [LBM] ,0,kbps,2067300,B,0,100,,tcp,150,messages per second,8,messages per second,none,true,false,,,,,,,,
channel//London_CNE//Unmatched%20Traffic/Unmatched%20Traffic,,,,,,London_CNE[any] -> [Unmatched Traffic] Unmatched Traffic,0,kbps,2496117664,B,-1,100,,none,165778,kbps,36994,kbps,none,false,true,,,,,,,,
channel//London_CNE/NewJersey_CNE/DC_NewJersey/,,,,,,London_CNE[any] -> NewJersey_CNE[DC_NewJersey] ,0,kbps,0,B,0,100,,tcp,0,kbps,0,kbps,none,false,true,,,,,0,kbps,0,kbps
channel/AlgoEngine/London_CNE//VENUE_Chicago/AlgoLatency,,,,,,London_CNE[AlgoEngine] -> [VENUE_Chicago] AlgoLatency,0,kbps,420060,B,80,100,,pnqm,1,messages per second,1,messages per second,none,true,false,,,,,,,,
channel/Arcabook-Equities-A//London_CNE/FeedHandler/,,,,,,[Arcabook-Equities-A] -> London_CNE[FeedHandler] ,1000000,kbps,833439,B,-1,100,,none,7372,kbps,50,kbps,none,false,true,1000000,kbps,0,%,351,kbps,9,kbps
channel/Arcabook-Equities-B//London_CNE/FeedHandler/,,,,,,[Arcabook-Equities-B] -> London_CNE[FeedHandler] ,50000,kbps,833375,B,-1,100,,none,7372,kbps,50,kbps,none,false,true,50000,kbps,0,%,351,kbps,9,kbps
channel/Arcabook-Options-A//London_CNE/FeedHandler/,,,,,,[Arcabook-Options-A] -> London_CNE[FeedHandler] ,1000000,kbps,5729627,B,-1,100,,none,37141,kbps,459,kbps,none,false,true,1000000,kbps,0,%,2231,kbps,300,kbps
channel/Arcabook-Options-B//London_CNE/FeedHandler/,,,,,,[Arcabook-Options-B] -> London_CNE[FeedHandler] ,50000,kbps,5728961,B,-1,100,,none,36024,kbps,459,kbps,none,false,true,50000,kbps,0,%,2232,kbps,300,kbps
channel/BATS//London_CNE/FeedHandler/PITCH,,,,,,[BATS] -> London_CNE[FeedHandler] PITCH,50000,kbps,118773733,B,-1,100,,none,30588,kbps,2264,kbps,none,false,true,50000,kbps,1,%,3489,kbps,7507,kbps
channel/Broker_MetroBank//London_CNE/OrderRouter/,,,,,,London_CNE[OrderRouter] <- [Broker_MetroBank] ,100000,kbps,81940,B,-1,100,,none,1,messages per second,1,messages per second,none,true,false,100000,kbps,0,%,,,,
channel/Broker_MetroBank//London_CNE/OrderRouter/Session-1,,,,,,London_CNE[OrderRouter] <- [Broker_MetroBank] Session-1,100000,kbps,52912,B,-1,100,,none,1,messages per second,1,messages per second,none,true,false,100000,kbps,0,%,,,,
channel/Broker_MetroBank//London_CNE/OrderRouter/Session-2,,,,,,London_CNE[OrderRouter] <- [Broker_MetroBank] Session-2,100000,kbps,29028,B,-1,100,,none,1,messages per second,1,messages per second,none,true,false,100000,kbps,0,%,,,,
channel/Broker_OTCtrade//London_CNE/OrderRouter/,,,,,,London_CNE[OrderRouter] <- [Broker_OTCtrade] ,100000,kbps,2633827,B,-1,100,,none,250,messages per second,48,messages per second,none,true,false,100000,kbps,0,%,,,,
channel/Broker_OTCtrade//London_CNE/OrderRouter/Session-1,,,,,,London_CNE[OrderRouter] <- [Broker_OTCtrade] Session-1,100000,kbps,70924,B,-1,100,,none,100,messages per second,8,messages per second,none,true,false,100000,kbps,0,%,,,,
channel/Broker_OTCtrade//London_CNE/OrderRouter/Session-2,,,,,,London_CNE[OrderRouter] <- [Broker_OTCtrade] Session-2,100000,kbps,2562903,B,-1,100,,none,250,messages per second,48,messages per second,none,true,false,100000,kbps,0,%,,,,
channel/CME-FixFast-A//London_CNE/FeedHandler/AvB_Latency,,,,,,[CME-FixFast-A] -> London_CNE[FeedHandler] AvB_Latency,1000000,kbps,515342604,B,190,100,,pnqm,106224,kbps,7805,kbps,none,false,true,1000000,kbps,0,%,10741,kbps,23574,kbps
channel/CME-FixFast-B//London_CNE/FeedHandler/,,,,,,[CME-FixFast-B] -> London_CNE[FeedHandler] ,50000,kbps,515297682,B,-1,100,,none,49518,kbps,7825,kbps,none,false,true,50000,kbps,2,%,10739,kbps,23809,kbps
channel/CME-MD/London_CNE///,,,,,,London_CNE[CME-MD] -> [any] ,0,kbps,83160,B,0,100,,tcp,1,messages per second,1,messages per second,none,true,false,,,,,,,,
channel/CUSTOMERS//London_CNE/CustomerGateway/OrderLatency,,,,,,[CUSTOMERS] -> London_CNE[CustomerGateway] OrderLatency,100000,kbps,10355195,B,60,100,,pnqm,1528,messages per second,92,messages per second,none,true,false,100000,kbps,0,%,,,,
channel/CUSTOMERS/London_CNE//CustomerGateway/PlantLatency,,,,,,London_CNE[CUSTOMERS] -> [CustomerGateway] PlantLatency,100000,kbps,10355195,B,40,100,,pnqm,1528,messages per second,92,messages per second,none,true,false,100000,kbps,0,%,,,,
channel/CUST_AlgoSpeed//London_CNE/CustomerGateway/,,,,,,[CUST_AlgoSpeed] -> London_CNE[CustomerGateway] ,100000,kbps,2652985,B,10,100,,pnqm,800,messages per second,31,messages per second,none,true,false,100000,kbps,0,%,,,,
channel/CUST_AlphaChase/London_CNE//CustomerGateway/,,,,,,London_CNE[CUST_AlphaChase] -> [CustomerGateway] ,100000,kbps,66864,B,0,100,,pnqm,50,messages per second,3,messages per second,none,true,false,100000,kbps,0,%,,,,
channel/CUST_Arco/London_CNE//CustomerGateway/,,,,,,London_CNE[CUST_Arco] -> [CustomerGateway] ,100000,kbps,0,B,0,100,,pnqm,0,messages per second,0,messages per second,none,true,false,100000,kbps,0,%,,,,
channel/CUST_Bergman//London_CNE/CustomerGateway/,,,,,,[CUST_Bergman] -> London_CNE[CustomerGateway] ,100000,kbps,6152653,B,1360,100,,pnqm,750,messages per second,60,messages per second,none,true,false,100000,kbps,0,%,,,,
channel/CUST_Bergman//London_CNE/CustomerGateway/TrafficGaps,,,,,,[CUST_Bergman] -> London_CNE[CustomerGateway] TrafficGaps,100000,kbps,1013014,B,10,100,,tcp,589,kbps,33,kbps,none,false,true,100000,kbps,0,%,59,kbps,4,kbps
channel/CUST_Bergman//London_CNE/CustomerGateway/TrafficGaps-BusinessHours,,,,,,[CUST_Bergman] -> London_CNE[CustomerGateway] TrafficGaps-BusinessHours,100000,kbps,1013014,B,-1,100,,none,589,kbps,33,kbps,none,false,true,100000,kbps,0,%,59,kbps,4,kbps
channel/CUST_BlaiseCapital/London_CNE//CustomerGateway/,,,,,,London_CNE[CUST_BlaiseCapital] -> [CustomerGateway] ,100000,kbps,0,B,0,100,,pnqm,0,messages per second,0,messages per second,none,true,false,100000,kbps,0,%,,,,
channel/CUST_BriteEdge/London_CNE//CustomerGateway/,,,,,,London_CNE[CUST_BriteEdge] -> [CustomerGateway] ,100000,kbps,106231,B,60,100,,pnqm,50,messages per second,6,messages per second,none,true,false,100000,kbps,0,%,,,,
channel/CUST_BroadwayLLC/London_CNE//CustomerGateway/,,,,,,London_CNE[CUST_BroadwayLLC] -> [CustomerGateway] ,100000,kbps,22990,B,0,100,,pnqm,1,messages per second,1,messages per second,none,true,false,100000,kbps,0,%,,,,
channel/CUST_CLine/London_CNE//CustomerGateway/,,,,,,London_CNE[CUST_CLine] -> [CustomerGateway] ,100000,kbps,57081,B,0,100,,pnqm,1,messages per second,1,messages per second,none,true,false,100000,kbps,0,%,,,,
channel/CUST_Clearborn/London_CNE//CustomerGateway/,,,,,,London_CNE[CUST_Clearborn] -> [CustomerGateway] ,100000,kbps,131964,B,0,100,,pnqm,1,messages per second,1,messages per second,none,true,false,100000,kbps,0,%,,,,
channel/CUST_DarkCross/London_CNE//CustomerGateway/,,,,,,London_CNE[CUST_DarkCross] -> [CustomerGateway] ,100000,kbps,0,B,0,100,,pnqm,0,messages per second,0,messages per second,none,true,false,100000,kbps,0,%,,,,
channel/CUST_Excalibur/London_CNE//CustomerGateway/,,,,,,London_CNE[CUST_Excalibur] -> [CustomerGateway] ,100000,kbps,0,B,0,100,,pnqm,0,messages per second,0,messages per second,none,true,false,100000,kbps,0,%,,,,
channel/CUST_FlowCapital//London_CNE/CustomerGateway/,,,,,,[CUST_FlowCapital] -> London_CNE[CustomerGateway] ,100000,kbps,1067642,B,60,100,,pnqm,1528,messages per second,69,messages per second,none,true,false,100000,kbps,0,%,,,,
channel/CUST_GreenSyke/London_CNE//CustomerGateway/,,,,,,London_CNE[CUST_GreenSyke] -> [CustomerGateway] ,100000,kbps,5027539,B,1510,100,,pnqm,750,messages per second,57,messages per second,none,true,false,100000,kbps,0,%,,,,
channel/CUST_HedgeFuture/London_CNE//CustomerGateway/,,,,,,London_CNE[CUST_HedgeFuture] -> [CustomerGateway] ,100000,kbps,936274,B,50,100,,pnqm,350,messages per second,11,messages per second,none,true,false,100000,kbps,0,%,,,,
channel/CUST_JJR-inc/London_CNE//CustomerGateway/,,,,,,London_CNE[CUST_JJR-inc] -> [CustomerGateway] ,100000,kbps,1041996,B,650,100,,pnqm,1528,messages per second,69,messages per second,none,true,false,100000,kbps,0,%,,,,
channel/CUST_LaSalle/London_CNE//CustomerGateway/,,,,,,London_CNE[CUST_LaSalle] -> [CustomerGateway] ,100000,kbps,0,B,0,100,,pnqm,0,messages per second,0,messages per second,none,true,false,100000,kbps,0,%,,,,
channel/CUST_MapleGroup/London_CNE//CustomerGateway/,,,,,,London_CNE[CUST_MapleGroup] -> [CustomerGateway] ,100000,kbps,0,B,0,100,,pnqm,0,messages per second,0,messages per second,none,true,false,100000,kbps,0,%,,,,
channel/CUST_NP-Trading/London_CNE//CustomerGateway/,,,,,,London_CNE[CUST_NP-Trading] -> [CustomerGateway] ,100000,kbps,116839,B,10,100,,pnqm,450,messages per second,18,messages per second,none,true,false,100000,kbps,0,%,,,,
channel/CUST_Optnet/London_CNE//CustomerGateway/,,,,,,London_CNE[CUST_Optnet] -> [CustomerGateway] ,100000,kbps,0,B,0,100,,pnqm,0,messages per second,0,messages per second,none,true,false,100000,kbps,0,%,,,,
channel/CUST_RJC-Partners/London_CNE//CustomerGateway/,,,,,,London_CNE[CUST_RJC-Partners] -> [CustomerGateway] ,100000,kbps,182873,B,10,100,,pnqm,300,messages per second,15,messages per second,none,true,false,100000,kbps,0,%,,,,
channel/CUST_RiteNote/London_CNE//CustomerGateway/,,,,,,London_CNE[CUST_RiteNote] -> [CustomerGateway] ,100000,kbps,276276,B,280,100,,pnqm,300,messages per second,10,messages per second,none,true,false,100000,kbps,0,%,,,,
channel/CUST_SchwartzCap//London_CNE/CustomerGateway/,,,,,,[CUST_SchwartzCap] -> London_CNE[CustomerGateway] ,100000,kbps,481915,B,10,100,,pnqm,450,messages per second,24,messages per second,none,true,false,100000,kbps,0,%,,,,
channel/CUST_Securitize/London_CNE//CustomerGateway/,,,,,,London_CNE[CUST_Securitize] -> [CustomerGateway] ,100000,kbps,0,B,0,100,,pnqm,0,messages per second,0,messages per second,none,true,false,100000,kbps,0,%,,,,
channel/CUST_SorrinPtnrs/London_CNE//CustomerGateway/,,,,,,London_CNE[CUST_SorrinPtnrs] -> [CustomerGateway] ,100000,kbps,18840,B,0,100,,pnqm,1,messages per second,1,messages per second,none,true,false,100000,kbps,0,%,,,,
channel/CUST_TertiarLLC/London_CNE//CustomerGateway/,,,,,,London_CNE[CUST_TertiarLLC] -> [CustomerGateway] ,100000,kbps,33630,B,0,100,,pnqm,1,messages per second,1,messages per second,none,true,false,100000,kbps,0,%,,,,
channel/CUST_Ukemi/London_CNE//CustomerGateway/,,,,,,London_CNE[CUST_Ukemi] -> [CustomerGateway] ,100000,kbps,161335,B,10,100,,pnqm,450,messages per second,22,messages per second,none,true,false,100000,kbps,0,%,,,,
channel/CUST_WallCity/London_CNE//CustomerGateway/,,,,,,London_CNE[CUST_WallCity] -> [CustomerGateway] ,100000,kbps,8514,B,0,100,,pnqm,0,messages per second,0,messages per second,none,true,false,100000,kbps,0,%,,,,
channel/CUST_WhiteLine/London_CNE//CustomerGateway/,,,,,,London_CNE[CUST_WhiteLine] -> [CustomerGateway] ,100000,kbps,16763,B,0,100,,pnqm,1,messages per second,1,messages per second,none,true,false,100000,kbps,0,%,,,,
channel/CUST_Xtense/London_CNE//CustomerGateway/,,,,,,London_CNE[CUST_Xtense] -> [CustomerGateway] ,100000,kbps,0,B,0,100,,pnqm,0,messages per second,0,messages per second,none,true,false,100000,kbps,0,%,,,,
channel/CUST_YTrade//London_CNE/CustomerGateway/,,,,,,[CUST_YTrade] -> London_CNE[CustomerGateway] ,100000,kbps,112100,B,0,100,,pnqm,50,messages per second,2,messages per second,none,true,false,100000,kbps,0,%,,,,
channel/CustomerGateway//London_CNE/CUSTOMERS/PlantLatency,,,,,,London_CNE[CUSTOMERS] <- [CustomerGateway] PlantLatency,100000,kbps,15584526,B,60,100,,pnqm,9291,messages per second,753,messages per second,none,true,false,100000,kbps,0,%,,,,
channel/CustomerGateway//London_CNE/CUST_AlphaChase/,,,,,,London_CNE[CUST_AlphaChase] <- [CustomerGateway] ,100000,kbps,116319,B,-1,100,,none,800,messages per second,34,messages per second,none,true,false,100000,kbps,0,%,,,,
channel/CustomerGateway//London_CNE/CUST_Arco/,,,,,,London_CNE[CUST_Arco] <- [CustomerGateway] ,100000,kbps,0,B,-1,100,,none,0,messages per second,0,messages per second,none,true,false,100000,kbps,0,%,,,,
channel/CustomerGateway//London_CNE/CUST_BlaiseCapital/,,,,,,London_CNE[CUST_BlaiseCapital] <- [CustomerGateway] ,100000,kbps,0,B,-1,100,,none,0,messages per second,0,messages per second,none,true,false,100000,kbps,0,%,,,,
channel/CustomerGateway//London_CNE/CUST_BriteEdge/,,,,,,London_CNE[CUST_BriteEdge] <- [CustomerGateway] ,100000,kbps,88685,B,-1,100,,none,16,messages per second,6,messages per second,none,true,false,100000,kbps,0,%,,,,
channel/CustomerGateway//London_CNE/CUST_BroadwayLLC/,,,,,,London_CNE[CUST_BroadwayLLC] <- [CustomerGateway] ,100000,kbps,23781,B,-1,100,,none,2,messages per second,1,messages per second,none,true,false,100000,kbps,0,%,,,,
channel/CustomerGateway//London_CNE/CUST_CLine/,,,,,,London_CNE[CUST_CLine] <- [CustomerGateway] ,100000,kbps,74672,B,-1,100,,none,1,messages per second,1,messages per second,none,true,false,100000,kbps,0,%,,,,
channel/CustomerGateway//London_CNE/CUST_Clearborn/,,,,,,London_CNE[CUST_Clearborn] <- [CustomerGateway] ,100000,kbps,280307,B,-1,100,,none,5450,messages per second,193,messages per second,none,true,false,100000,kbps,0,%,,,,
channel/CustomerGateway//London_CNE/CUST_DarkCross/,,,,,,London_CNE[CUST_DarkCross] <- [CustomerGateway] ,100000,kbps,0,B,-1,100,,none,0,messages per second,0,messages per second,none,true,false,100000,kbps,0,%,,,,
channel/CustomerGateway//London_CNE/CUST_Excalibur/,,,,,,London_CNE[CUST_Excalibur] <- [CustomerGateway] ,100000,kbps,0,B,-1,100,,none,0,messages per second,0,messages per second,none,true,false,100000,kbps,0,%,,,,
channel/CustomerGateway//London_CNE/CUST_GreenSyke/,,,,,,London_CNE[CUST_GreenSyke] <- [CustomerGateway] ,100000,kbps,5315392,B,-1,100,,none,650,messages per second,230,messages per second,none,true,false,100000,kbps,0,%,,,,,
channel/CustomerGateway//London_CNE/CUST_HedgeFuture/,,,,,,London_CNE[CUST_HedgeFuture] <- [CustomerGateway] ,100000,kbps,2194900,B,-1,100,,none,5608,messages per second,247,messages per second,none,true,false,100000,kbps,0,%,,,,,
channel/CustomerGateway//London_CNE/CUST_JJR-inc/,,,,,,London_CNE[CUST_JJR-inc] <- [CustomerGateway] ,100000,kbps,2616120,B,-1,100,,none,250,messages per second,48,messages per second,none,true,false,100000,kbps,0,%,,,,,
channel/CustomerGateway//London_CNE/CUST_LaSalle/,,,,,,London_CNE[CUST_LaSalle] <- [CustomerGateway] ,100000,kbps,0,B,-1,100,,none,0,messages per second,0,messages per second,none,true,false,100000,kbps,0,%,,,,,
channel/CustomerGateway//London_CNE/CUST_MapleGroup/,,,,,,London_CNE[CUST_MapleGroup] <- [CustomerGateway] ,100000,kbps,0,B,-1,100,,none,0,messages per second,0,messages per second,none,true,false,100000,kbps,0,%,,,,,
channel/CustomerGateway//London_CNE/CUST_NP-Trading/,,,,,,London_CNE[CUST_NP-Trading] <- [CustomerGateway] ,100000,kbps,102235,B,-1,100,,none,450,messages per second,18,messages per second,none,true,false,100000,kbps,0,%,,,,,
channel/CustomerGateway//London_CNE/CUST_Optnet/,,,,,,London_CNE[CUST_Optnet] <- [CustomerGateway] ,100000,kbps,0,B,-1,100,,none,0,messages per second,0,messages per second,none,true,false,100000,kbps,0,%,,,,,
channel/CustomerGateway//London_CNE/CUST_RJC-Partners/,,,,,,London_CNE[CUST_RJC-Partners] <- [CustomerGateway] ,100000,kbps,175537,B,-1,100,,none,450,messages per second,15,messages per second,none,true,false,100000,kbps,0,%,,,,,
channel/CustomerGateway//London_CNE/CUST_RiteNote/,,,,,,London_CNE[CUST_RiteNote] <- [CustomerGateway] ,100000,kbps,654079,B,-1,100,,none,4800,messages per second,182,messages per second,none,true,false,100000,kbps,0,%,,,,,
channel/CustomerGateway//London_CNE/CUST_Securitize/,,,,,,London_CNE[CUST_Securitize] <- [CustomerGateway] ,100000,kbps,0,B,-1,100,,none,0,messages per second,0,messages per second,none,true,false,100000,kbps,0,%,,,,,
channel/CustomerGateway//London_CNE/CUST_SorrinPtnrs/,,,,,,London_CNE[CUST_SorrinPtnrs] <- [CustomerGateway] ,100000,kbps,19680,B,-1,100,,none,1,messages per second,1,messages per second,none,true,false,100000,kbps,0,%,,,,,
channel/CustomerGateway//London_CNE/CUST_TertiarLLC/,,,,,,London_CNE[CUST_TertiarLLC] <- [CustomerGateway] ,100000,kbps,25620,B,-1,100,,none,1,messages per second,1,messages per second,none,true,false,100000,kbps,0,%,,,,,
channel/CustomerGateway//London_CNE/CUST_Ukemi/,,,,,,London_CNE[CUST_Ukemi] <- [CustomerGateway] ,100000,kbps,141375,B,-1,100,,none,450,messages per second,22,messages per second,none,true,false,100000,kbps,0,%,,,,,
channel/CustomerGateway//London_CNE/CUST_WallCity/,,,,,,London_CNE[CUST_WallCity] <- [CustomerGateway] ,100000,kbps,40193,B,-1,100,,none,0,messages per second,0,messages per second,none,true,false,100000,kbps,0,%,,,,,
channel/CustomerGateway//London_CNE/CUST_WhiteLine/,,,,,,London_CNE[CUST_WhiteLine] <- [CustomerGateway] ,100000,kbps,33332,B,-1,100,,none,1,messages per second,1,messages per second,none,true,false,100000,kbps,0,%,,,,,
channel/CustomerGateway//London_CNE/CUST_Xtense/,,,,,,London_CNE[CUST_Xtense] <- [CustomerGateway] ,100000,kbps,0,B,-1,100,,none,0,messages per second,0,messages per second,none,true,false,100000,kbps,0,%,,,,,
channel/CustomerGateway//London_CNE/XCapital-01/XCapital-1,,,,,,London_CNE[XCapital-01] <- [CustomerGateway] XCapital-1,100000,kbps,43624,B,-1,100,,none,1,messages per second,1,messages per second,none,true,false,100000,kbps,0,%,,,,,
channel/CustomerGateway//London_CNE/XCapital-02/XCapital-2,,,,,,London_CNE[XCapital-02] <- [CustomerGateway] XCapital-2,100000,kbps,0,B,-1,100,,none,0,messages per second,0,messages per second,none,true,false,100000,kbps,0,%,,,,,
channel/CustomerGateway/London_CNE//CUSTOMERS/OrderLatency,,,,,,[CUSTOMERS] <- London_CNE[CustomerGateway] OrderLatency,100000,kbps,15584526,B,-1,100,,none,9291,messages per second,753,messages per second,none,true,false,100000,kbps,0,%,,,,,
channel/CustomerGateway/London_CNE//CUST_AlgoSpeed/,,,,,,[CUST_AlgoSpeed] <- London_CNE[CustomerGateway] ,100000,kbps,6127196,B,-1,100,,none,9291,messages per second,726,messages per second,none,true,false,100000,kbps,0,%,,,,,
channel/CustomerGateway/London_CNE//CUST_Bergman/,,,,,,[CUST_Bergman] <- London_CNE[CustomerGateway] ,100000,kbps,6385745,B,-1,100,,none,650,messages per second,231,messages per second,none,true,false,100000,kbps,0,%,,,,,
channel/CustomerGateway/London_CNE//CUST_Bergman/TrafficGaps,,,,,,[CUST_Bergman] <- London_CNE[CustomerGateway] TrafficGaps,100000,kbps,6385745,B,10,100,,tcp,1736,kbps,765,kbps,none,false,true,100000,kbps,0,%,606,kbps,449,kbps,
channel/CustomerGateway/London_CNE//CUST_Bergman/TrafficGaps-BusinessHours,,,,,,[CUST_Bergman] <- London_CNE[CustomerGateway] TrafficGaps-BusinessHours,100000,kbps,6385745,B,-1,100,,none,1736,kbps,765,kbps,none,false,true,100000,kbps,0,%,606,kbps,449,kbps,
channel/CustomerGateway/London_CNE//CUST_FlowCapital/,,,,,,[CUST_FlowCapital] <- London_CNE[CustomerGateway] ,100000,kbps,2633827,B,-1,100,,none,250,messages per second,48,messages per second,none,true,false,100000,kbps,0,%,,,,,
channel/CustomerGateway/London_CNE//CUST_SchwartzCap/,,,,,,[CUST_SchwartzCap] <- London_CNE[CustomerGateway] ,100000,kbps,437758,B,-1,100,,none,450,messages per second,24,messages per second,none,true,false,100000,kbps,0,%,,,,,
channel/CustomerGateway/London_CNE//CUST_YTrade/,,,,,,[CUST_YTrade] <- London_CNE[CustomerGateway] ,100000,kbps,107560,B,-1,100,,none,4,messages per second,1,messages per second,none,true,false,100000,kbps,0,%,,,,,
channel/CustomerGateway/London_CNE//XCapital-03/XCapital-3,,,,,,[XCapital-03] <- London_CNE[CustomerGateway] XCapital-3,100000,kbps,0,B,-1,100,,none,0,messages per second,0,messages per second,none,true,false,100000,kbps,0,%,,,,,
channel/DC_Chicago//London_CNE//,,,,,,London_CNE[any] <- [DC_Chicago] ,100000,kbps,584506284,B,100,100,,pnqm,13696,kbps,2642,kbps,none,false,true,100000,kbps,1,%,3454,kbps,2274,kbps,
channel/DC_Chicago//London_CNE//%40Chicago,,,,,,London_CNE[any] <- [DC_Chicago] @Chicago,100000,kbps,584501974,B,-1,100,,none,48532,kbps,2663,kbps,none,false,true,100000,kbps,1,%,,,,,
channel/DC_Frankfurt//London_CNE//,,,,,,London_CNE[any] <- [DC_Frankfurt] ,100000,kbps,39573180,B,50,100,,pnqm,25776,kbps,5839,kbps,none,false,true,100000,kbps,0,%,22654,kbps,21335,kbps,
channel/DC_Frankfurt//London_CNE//%40Frankfurt,,,,,,London_CNE[any] <- [DC_Frankfurt] @Frankfurt,100000,kbps,39573180,B,80,100,,tcp,37599,kbps,5839,kbps,none,false,true,100000,kbps,0,%,,,,,
channel/DC_NewJersey/NewJersey_CNE/London_CNE//,,,,,,London_CNE[any] <- NewJersey_CNE[DC_NewJersey] ,0,kbps,0,B,0,100,,tcp,0,kbps,0,kbps,none,false,true,,,,,0,kbps,0,kbps,
channel/Eurex-EBS-A//London_CNE/FeedHandler/AvB_Latency,,,,,,[Eurex-EBS-A] -> London_CNE[FeedHandler] AvB_Latency,1000000,kbps,509071799,B,170,100,,pnqm,98724,kbps,7864,kbps,none,true,true,1000000,kbps,0,%,10956,kbps,20713,kbps,
channel/Eurex-EBS-B//London_CNE/FeedHandler/,,,,,,[Eurex-EBS-B] -> London_CNE[FeedHandler] ,50000,kbps,509032552,B,-1,100,,none,49516,kbps,7827,kbps,none,true,true,50000,kbps,2,%,10956,kbps,20920,kbps,
channel/Euronext-UTP-A/London_CNE///,,,,,,London_CNE[Euronext-UTP-A] -> [any] ,0,kbps,32035120,B,0,100,,tcp,15800,messages per second,843,messages per second,none,true,false,,,,,,,,,
channel/LSE-Infolect//London_CNE/FeedHandler/Infolect,,,,,,[LSE-Infolect] -> London_CNE[FeedHandler] Infolect,50000,kbps,262976405,B,-1,100,,none,67737,kbps,6074,kbps,none,false,true,50000,kbps,1,%,6796,kbps,12469,kbps,
channel/LSE-Infolect//London_CNE/FeedHandler/MarketData,,,,,,[LSE-Infolect] -> London_CNE[FeedHandler] MarketData,50000,kbps,262976405,B,10,100,,pnqm,67737,kbps,6074,kbps,none,false,true,50000,kbps,1,%,6796,kbps,12469,kbps,
channel/LSE-Infolect//London_CNE/FeedHandler/MarketData%40PortB,,,,,,[LSE-Infolect] -> London_CNE[FeedHandler] MarketData@PortB,50000,kbps,262976255,B,0,100,,tcp,33144,kbps,6074,kbps,none,false,true,50000,kbps,1,%,,,,,
channel/Nasdaq-ITCH/London_CNE///,,,,,,London_CNE[Nasdaq-ITCH] -> [any] ,0,kbps,4988624,B,0,100,,tcp,33600,messages per second,569,messages per second,none,true,false,,,,,,,,,
channel/OPRA-A//London_CNE/FeedHandler/,,,,,,[OPRA-A] -> London_CNE[FeedHandler] ,1000000,kbps,306170,B,-1,100,,none,66834,kbps,324,kbps,none,false,true,1000000,kbps,0,%,3288,kbps,530,kbps,
channel/OPRA-B//London_CNE/FeedHandler/,,,,,,[OPRA-B] -> London_CNE[FeedHandler] ,50000,kbps,306170,B,-1,100,,none,48574,kbps,324,kbps,none,false,true,50000,kbps,0,%,3234,kbps,530,kbps,
channel/OpenBookUltra//London_CNE/FeedHandler/OpenBook,,,,,,[OpenBookUltra] -> London_CNE[FeedHandler] OpenBook,50000,kbps,293396382,B,-1,100,,none,13440,kbps,5085,kbps,none,true,true,50000,kbps,1,%,5042,kbps,5659,kbps,
channel/OrderRouter/London_CNE//Broker_MetroBank/,,,,,,London_CNE[OrderRouter] -> [Broker_MetroBank] ,100000,kbps,78470,B,0,100,,pnqm,50,messages per second,1,messages per second,none,true,false,100000,kbps,0,%,,,,,
channel/OrderRouter/London_CNE//Broker_MetroBank/Session-1,,,,,,London_CNE[OrderRouter] -> [Broker_MetroBank] Session-1,100000,kbps,50681,B,0,100,,pnqm,1,messages per second,1,messages per second,none,true,false,100000,kbps,0,%,,,,,
channel/OrderRouter/London_CNE//Broker_MetroBank/Session-2,,,,,,London_CNE[OrderRouter] -> [Broker_MetroBank] Session-2,100000,kbps,27789,B,0,100,,pnqm,1,messages per second,1,messages per second,none,true,false,100000,kbps,0,%,,,,,
channel/OrderRouter/London_CNE//Broker_OTCtrade/,,,,,,London_CNE[OrderRouter] -> [Broker_OTCtrade] ,100000,kbps,1067642,B,60,100,,pnqm,1522,messages per second,69,messages per second,none,true,false,100000,kbps,0,%,,,,,
channel/OrderRouter/London_CNE//Broker_OTCtrade/Session-1,,,,,,London_CNE[OrderRouter] -> [Broker_OTCtrade] Session-1,100000,kbps,39126,B,0,100,,pnqm,50,messages per second,2,messages per second,none,true,false,100000,kbps,0,%,,,,,
channel/OrderRouter/London_CNE//Broker_OTCtrade/Session-2,,,,,,London_CNE[OrderRouter] -> [Broker_OTCtrade] Session-2,100000,kbps,1028516,B,60,100,,pnqm,1522,messages per second,69,messages per second,none,true,false,100000,kbps,0,%,,,,,
channel/OrderRouter/London_CNE//VENUES/VenueLatency,,,,,,London_CNE[OrderRouter] -> [VENUES] VenueLatency,100000,kbps,10355195,B,60,100,,pnqm,1522,messages per second,92,messages per second,none,true,false,100000,kbps,0,%,,,,,
channel/OrderRouter/London_CNE//VENUE_Chicago/,,,,,,London_CNE[OrderRouter] -> [VENUE_Chicago] ,100000,kbps,2652985,B,10,100,,pnqm,800,messages per second,31,messages per second,none,true,false,100000,kbps,0,%,,,,,
channel/OrderRouter/London_CNE//VENUE_Chicago/Session-1,,,,,,London_CNE[OrderRouter] -> [VENUE_Chicago] Session-1,100000,kbps,929477,B,10,100,,pnqm,350,messages per second,11,messages per second,none,true,false,100000,kbps,0,%,,,,,
channel/OrderRouter/London_CNE//VENUE_Chicago/Session-2,,,,,,London_CNE[OrderRouter] -> [VENUE_Chicago] Session-2,100000,kbps,1011306,B,10,100,,pnqm,438,messages per second,12,messages per second,none,true,false,100000,kbps,0,%,,,,,
channel/OrderRouter/London_CNE//VENUE_Chicago/Session-3,,,,,,London_CNE[OrderRouter] -> [VENUE_Chicago] Session-3,100000,kbps,276276,B,10,100,,pnqm,300,messages per second,10,messages per second,none,true,false,100000,kbps,0,%,,,,,
channel/OrderRouter/London_CNE//VENUE_Chicago/Session-4,,,,,,London_CNE[OrderRouter] -> [VENUE_Chicago] Session-4,100000,kbps,276224,B,10,100,,pnqm,300,messages per second,10,messages per second,none,true,false,100000,kbps,0,%,,,,,
channel/OrderRouter/London_CNE//VENUE_LambdaATS/,,,,,,London_CNE[OrderRouter] -> [VENUE_LambdaATS] ,100000,kbps,481915,B,10,100,,pnqm,350,messages per second,21,messages per second,none,true,false,100000,kbps,0,%,,,,,
channel/OrderRouter/London_CNE//VENUE_Lambda_ATS/Session-1,,,,,,London_CNE[OrderRouter] -> [VENUE_Lambda_ATS] Session-1,100000,kbps,180375,B,10,100,,pnqm,350,messages per second,20,messages per second,none,true,false,100000,kbps,0,%,,,,,
channel/OrderRouter/London_CNE//VENUE_Lambda_ATS/Session-2,,,,,,London_CNE[OrderRouter] -> [VENUE_Lambda_ATS] Session-2,100000,kbps,301540,B,10,100,,pnqm,350,messages per second,18,messages per second,none,true,false,100000,kbps,0,%,,,,,
channel/OrderRouter/London_CNE//VENUE_London/,,,,,,London_CNE[OrderRouter] -> [VENUE_London] ,100000,kbps,6040553,B,1360,100,,pnqm,750,messages per second,58,messages per second,none,true,false,100000,kbps,0,%,,,,,
channel/OrderRouter/London_CNE//VENUE_London/Session-1,,,,,,London_CNE[OrderRouter] -> [VENUE_London] Session-1,100000,kbps,13034,B,0,100,,pnqm,0,messages per second,0,messages per second,none,true,false,100000,kbps,0,%,,,,,
channel/OrderRouter/London_CNE//VENUE_London/Session-2,,,,,,London_CNE[OrderRouter] -> [VENUE_London] Session-2,100000,kbps,13480,B,0,100,,pnqm,0,messages per second,0,messages per second,none,true,false,100000,kbps,0,%,,,,,
channel/OrderRouter/London_CNE//VENUE_London/Session-3,,,,,,London_CNE[OrderRouter] -> [VENUE_London] Session-3,100000,kbps,5124821,B,70,100,,pnqm,750,messages per second,58,messages per second,none,true,false,100000,kbps,0,%,,,,,
channel/OrderRouter/London_CNE//VENUE_NewYork/,,,,,,London_CNE[OrderRouter] -> [VENUE_NewYork] ,100000,kbps,33630,B,0,100,,pnqm,1,messages per second,1,messages per second,none,true,false,100000,kbps,0,%,,,,,
channel/OrderRouter/London_CNE//VENUE_NewYork/Session-1,,,,,,London_CNE[OrderRouter] -> [VENUE_NewYork] Session-1,100000,kbps,33630,B,0,100,,pnqm,1,messages per second,1,messages per second,none,true,false,100000,kbps,0,%,,,,,
channel/PropTradersA/London_CNE//VENUE_NJ-ATS/order-ack-latency,,,,,,London_CNE[PropTradersA] -> [VENUE_NJ-ATS] order-ack-latency,0,kbps,33477200,B,50,100,,pnqm,1360,messages per second,156,messages per second,none,true,false,,,,,,,,,
channel/PropTradersA/London_CNE//VENUE_NJ-ATS/order-to-tick-latency,,,,,,London_CNE[PropTradersA] -> [VENUE_NJ-ATS] order-to-tick-latency,0,kbps,33477200,B,9990,100,,pnqm,1360,messages per second,156,messages per second,none,true,false,,,,,,,,,
channel/PropTradersB/London_CNE//VENUE_Nasdaq/order-ack-latency,,,,,,London_CNE[PropTradersB] -> [VENUE_Nasdaq] order-ack-latency,0,kbps,6138080,B,10,100,,pnqm,500,messages per second,94,messages per second,none,true,false,,,,,,,,,
channel/PropTradersB/London_CNE//VENUE_Nasdaq/order-to-tick-latency,,,,,,London_CNE[PropTradersB] -> [VENUE_Nasdaq] order-to-tick-latency,0,kbps,6138080,B,10,100,,pnqm,500,messages per second,94,messages per second,none,true,false,,,,,,,,,
channel/TotalViewITCH//London_CNE/FeedHandler/,,,,,,[TotalViewITCH] -> London_CNE[FeedHandler] ,50000,kbps,195448661,B,-1,100,,none,210000,kbps,33625,kbps,none,false,true,50000,kbps,1,%,57152,kbps,92455,kbps,
channel/Unmatched%20Traffic//London_CNE//Unmatched%20Traffic,,,,,,London_CNE[any] <- [Unmatched Traffic] Unmatched Traffic,0,kbps,0,B,-1,100,,none,0,kbps,0,kbps,none,false,true,,,,,,,,,
channel/VENUES//London_CNE/OrderRouter/VenueLatency,,,,,,London_CNE[OrderRouter] <- [VENUES] VenueLatency,100000,kbps,15584526,B,-1,100,,none,9158,messages per second,753,messages per second,none,true,false,100000,kbps,0,%,,,,,
channel/VENUE_Chicago//London_CNE/AlgoEngine/AlgoLatency,,,,,,London_CNE[AlgoEngine] <- [VENUE_Chicago] AlgoLatency,0,kbps,529560,B,0,100,,pnqm,37,messages per second,1,messages per second,none,true,false,,,,,,,,,
channel/VENUE_Chicago//London_CNE/OrderRouter/,,,,,,London_CNE[OrderRouter] <- [VENUE_Chicago] ,100000,kbps,6127196,B,-1,100,,none,9158,messages per second,726,messages per second,none,true,false,100000,kbps,0,%,,,,,
channel/VENUE_Chicago//London_CNE/OrderRouter/Session-1,,,,,,London_CNE[OrderRouter] <- [VENUE_Chicago] Session-1,100000,kbps,2190782,B,-1,100,,none,5600,messages per second,247,messages per second,none,true,false,100000,kbps,0,%,,,,,
channel/VENUE_Chicago//London_CNE/OrderRouter/Session-2,,,,,,London_CNE[OrderRouter] <- [VENUE_Chicago] Session-2,100000,kbps,2302869,B,-1,100,,none,4300,messages per second,247,messages per second,none,true,false,100000,kbps,0,%,,,,,
channel/VENUE_Chicago//London_CNE/OrderRouter/Session-3,,,,,,London_CNE[OrderRouter] <- [VENUE_Chicago] Session-3,100000,kbps,654079,B,-1,100,,none,4800,messages per second,182,messages per second,none,true,false,100000,kbps,0,%,,,,,
channel/VENUE_Chicago//London_CNE/OrderRouter/Session-4,,,,,,London_CNE[OrderRouter] <- [VENUE_Chicago] Session-4,100000,kbps,653764,B,-1,100,,none,5050,messages per second,181,messages per second,none,true,false,100000,kbps,0,%,,,,,
channel/VENUE_LambdaATS//London_CNE/OrderRouter/,,,,,,London_CNE[OrderRouter] <- [VENUE_LambdaATS] ,100000,kbps,437758,B,-1,100,,none,450,messages per second,24,messages per second,none,true,false,100000,kbps,0,%,,,,,
channel/VENUE_Lambda_ATS//London_CNE/OrderRouter/Session-1,,,,,,London_CNE[OrderRouter] <- [VENUE_Lambda_ATS] Session-1,100000,kbps,161509,B,-1,100,,none,450,messages per second,23,messages per second,none,true,false,100000,kbps,0,%,,,,,
channel/VENUE_Lambda_ATS//London_CNE/OrderRouter/Session-2,,,,,,London_CNE[OrderRouter] <- [VENUE_Lambda_ATS] Session-2,100000,kbps,276249,B,-1,100,,none,450,messages per second,18,messages per second,none,true,false,100000,kbps,0,%,,,,,
channel/VENUE_London//London_CNE/OrderRouter/,,,,,,London_CNE[OrderRouter] <- [VENUE_London] ,100000,kbps,6278185,B,-1,100,,none,650,messages per second,231,messages per second,none,true,false,100000,kbps,0,%,,,,,
channel/VENUE_London//London_CNE/OrderRouter/Session-1,,,,,,London_CNE[OrderRouter] <- [VENUE_London] Session-1,100000,kbps,57509,B,-1,100,,none,0,messages per second,0,messages per second,none,true,false,100000,kbps,0,%,,,,,
channel/VENUE_London//London_CNE/OrderRouter/Session-2,,,,,,London_CNE[OrderRouter] <- [VENUE_London] Session-2,100000,kbps,53217,B,-1,100,,none,0,messages per second,0,messages per second,none,true,false,100000,kbps,0,%,,,,,
channel/VENUE_London//London_CNE/OrderRouter/Session-3,,,,,,London_CNE[OrderRouter] <- [VENUE_London] Session-3,100000,kbps,5394729,B,-1,100,,none,650,messages per second,231,messages per second,none,true,false,100000,kbps,0,%,,,,,
channel/VENUE_NJ-ATS//London_CNE/PropTradersA/order-ack-latency,,,,,,London_CNE[PropTradersA] <- [VENUE_NJ-ATS] order-ack-latency,0,kbps,26212384,B,-1,100,,none,2730,messages per second,312,messages per second,none,true,false,,,,,,,,,
channel/VENUE_NJ-ATS//London_CNE/PropTradersA/order-to-tick-latency,,,,,,London_CNE[PropTradersA] <- [VENUE_NJ-ATS] order-to-tick-latency,0,kbps,26212384,B,0,100,,pnqm,2730,messages per second,312,messages per second,none,true,false,,,,,,,,,
channel/VENUE_Nasdaq//London_CNE/PropTradersB/order-ack-latency,,,,,,London_CNE[PropTradersB] <- [VENUE_Nasdaq] order-ack-latency,0,kbps,6100176,B,-1,100,,none,540,messages per second,106,messages per second,none,true,false,,,,,,,,,
channel/VENUE_Nasdaq//London_CNE/PropTradersB/order-to-tick-latency,,,,,,London_CNE[PropTradersB] <- [VENUE_Nasdaq] order-to-tick-latency,0,kbps,6100176,B,0,100,,pnqm,540,messages per second,106,messages per second,none,true,false,,,,,,,,,
channel/VENUE_NewYork//London_CNE/OrderRouter/,,,,,,London_CNE[OrderRouter] <- [VENUE_NewYork] ,100000,kbps,25620,B,-1,100,,none,1,messages per second,1,messages per second,none,true,false,100000,kbps,0,%,,,,,
channel/VENUE_NewYork//London_CNE/OrderRouter/Session-1,,,,,,London_CNE[OrderRouter] <- [VENUE_NewYork] Session-1,100000,kbps,25620,B,-1,100,,none,1,messages per second,1,messages per second,none,true,false,100000,kbps,0,%,,,,,
channel/XCapital-01/London_CNE//CustomerGateway/XCapital-1,,,,,,London_CNE[XCapital-01] -> [CustomerGateway] XCapital-1,100000,kbps,41762,B,0,100,,pnqm,1,messages per second,1,messages per second,none,true,false,100000,kbps,0,%,,,,,
channel/XCapital-02/London_CNE//CustomerGateway/XCapital-2,,,,,,London_CNE[XCapital-02] -> [CustomerGateway] XCapital-2,100000,kbps,0,B,0,100,,pnqm,0,messages per second,0,messages per second,none,true,false,100000,kbps,0,%,,,,,
channel/XCapital-03//London_CNE/CustomerGateway/XCapital-3,,,,,,[XCapital-03] -> London_CNE[CustomerGateway] XCapital-3,100000,kbps,0,B,0,100,,pnqm,0,messages per second,0,messages per second,none,true,false,100000,kbps,0,%,,,,,
channel/Xetra-EBS-A//London_CNE/FeedHandler/,,,,,,[Xetra-EBS-A] -> London_CNE[FeedHandler] ,1000000,kbps,137333436,B,-1,100,,none,33664,kbps,3970,kbps,none,false,true,1000000,kbps,0,%,4467,kbps,7286,kbps,
channel/Xetra-EBS-B//London_CNE/FeedHandler/,,,,,,[Xetra-EBS-B] -> London_CNE[FeedHandler] ,50000,kbps,137279954,B,-1,100,,none,33648,kbps,3897,kbps,none,false,true,50000,kbps,1,%,4412,kbps,7286,kbps,
rt-class//London_CNE///Unknown%20Applications/class-default,,,,,,London_CNE[any] -> [any] Unknown Applications - class-default,,,1733205372,B,-1,100,,none,190891,kbps,52712,kbps,none,false,true,,,,,,,,,
rt-class//London_CNE//DC_Chicago/%40Chicago/class-default,,,,,,London_CNE[any] -> [DC_Chicago] @Chicago - class-default,,,1818688136,B,-1,100,,none,87313,kbps,13566,kbps,none,false,true,100000,kbps,4,%,,,,,
rt-class//London_CNE//DC_Chicago//class-default,,,,,,London_CNE[any] -> [DC_Chicago]  - class-default,100,remaining %,1818684595,B,100,100,,pnqm,32514,kbps,13578,kbps,no-action-required,false,true,100000,kbps,4,%,13106,kbps,12976,kbps,
rt-class//London_CNE//DC_Frankfurt/%40Frankfurt/class-default,,,,,,London_CNE[any] -> [DC_Frankfurt] @Frankfurt - class-default,,,7185151245,B,60,100,,tcp,98430,kbps,69459,kbps,none,false,true,100000,kbps,16,%,,,,,
rt-class//London_CNE//DC_Frankfurt//class-default,,,,,,London_CNE[any] -> [DC_Frankfurt]  - class-default,100,remaining %,7218105890,B,300,100,,pnqm,156480,kbps,70529,kbps,increase-buffer,false,true,100000,kbps,16,%,102801,kbps,142758,kbps,
rt-class//London_CNE//LBM//class-default,,,,,,London_CNE[any] -> [LBM]  - class-default,,,2067300,B,0,100,,tcp,150,messages per second,8,messages per second,none,true,false,,,,,,,,,
rt-class//London_CNE//Unmatched%20Traffic/Unmatched%20Traffic/class-default,,,,,,London_CNE[any] -> [Unmatched Traffic] Unmatched Traffic - class-default,,,2496117664,B,-1,100,,none,165778,kbps,36994,kbps,none,false,true,,,,,,,,,
rt-class//London_CNE/NewJersey_CNE/DC_NewJersey//class-default,,,,,,London_CNE[any] -> NewJersey_CNE[DC_NewJersey]  - class-default,,,0,B,0,100,,tcp,0,kbps,0,kbps,none,false,true,,,,,0,kbps,0,kbps,
rt-class/AlgoEngine/London_CNE//VENUE_Chicago/AlgoLatency/class-default,,,,,,London_CNE[AlgoEngine] -> [VENUE_Chicago] AlgoLatency - class-default,,,420060,B,80,100,,pnqm,1,messages per second,1,messages per second,none,true,false,,,,,,,,,
rt-class/Arcabook-Equities-A//London_CNE/FeedHandler//class-default,,,,,,[Arcabook-Equities-A] -> London_CNE[FeedHandler]  - class-default,,,833439,B,-1,100,,none,7372,kbps,50,kbps,none,false,true,1000000,kbps,0,%,351,kbps,9,kbps,
rt-class/Arcabook-Equities-B//London_CNE/FeedHandler//class-default,,,,,,[Arcabook-Equities-B] -> London_CNE[FeedHandler]  - class-default,,,833375,B,-1,100,,none,7372,kbps,50,kbps,none,false,true,50000,kbps,0,%,351,kbps,9,kbps,
rt-class/Arcabook-Options-A//London_CNE/FeedHandler//class-default,,,,,,[Arcabook-Options-A] -> London_CNE[FeedHandler]  - class-default,,,5729627,B,-1,100,,none,37141,kbps,459,kbps,none,false,true,1000000,kbps,0,%,2231,kbps,300,kbps,
rt-class/Arcabook-Options-B//London_CNE/FeedHandler//class-default,,,,,,[Arcabook-Options-B] -> London_CNE[FeedHandler]  - class-default,,,5728961,B,-1,100,,none,36024,kbps,459,kbps,none,false,true,50000,kbps,0,%,2232,kbps,300,kbps,
rt-class/BATS//London_CNE/FeedHandler/PITCH/class-default,,,,,,[BATS] -> London_CNE[FeedHandler] PITCH - class-default,,,118773733,B,-1,100,,none,30588,kbps,2264,kbps,none,false,true,50000,kbps,1,%,3489,kbps,7507,kbps,
rt-class/Broker_MetroBank//London_CNE/OrderRouter//class-default,,,,,,London_CNE[OrderRouter] <- [Broker_MetroBank]  - class-default,,,81940,B,-1,100,,none,1,messages per second,1,messages per second,none,true,false,100000,kbps,0,%,,,,,
rt-class/Broker_MetroBank//London_CNE/OrderRouter/Session-1/class-default,,,,,,London_CNE[OrderRouter] <- [Broker_MetroBank] Session-1 - class-default,,,52912,B,-1,100,,none,1,messages per second,1,messages per second,none,true,false,100000,kbps,0,%,,,,,
rt-class/Broker_MetroBank//London_CNE/OrderRouter/Session-2/class-default,,,,,,London_CNE[OrderRouter] <- [Broker_MetroBank] Session-2 - class-default,,,29028,B,-1,100,,none,1,messages per second,1,messages per second,none,true,false,100000,kbps,0,%,,,,,
rt-class/Broker_OTCtrade//London_CNE/OrderRouter//class-default,,,,,,London_CNE[OrderRouter] <- [Broker_OTCtrade]  - class-default,,,2633827,B,-1,100,,none,250,messages per second,48,messages per second,none,true,false,100000,kbps,0,%,,,,,
rt-class/Broker_OTCtrade//London_CNE/OrderRouter/Session-1/class-default,,,,,,London_CNE[OrderRouter] <- [Broker_OTCtrade] Session-1 - class-default,,,70924,B,-1,100,,none,100,messages per second,8,messages per second,none,true,false,100000,kbps,0,%,,,,,
rt-class/Broker_OTCtrade//London_CNE/OrderRouter/Session-2/class-default,,,,,,London_CNE[OrderRouter] <- [Broker_OTCtrade] Session-2 - class-default,,,2562903,B,-1,100,,none,250,messages per second,48,messages per second,none,true,false,100000,kbps,0,%,,,,,
rt-class/CME-FixFast-A//London_CNE/FeedHandler/AvB_Latency/class-default,,,,,,[CME-FixFast-A] -> London_CNE[FeedHandler] AvB_Latency - class-default,,,515342604,B,190,100,,pnqm,106224,kbps,7805,kbps,none,false,true,1000000,kbps,0,%,10741,kbps,23574,kbps,
rt-class/CME-FixFast-B//London_CNE/FeedHandler//class-default,,,,,,[CME-FixFast-B] -> London_CNE[FeedHandler]  - class-default,,,515297682,B,-1,100,,none,49518,kbps,7825,kbps,none,false,true,50000,kbps,2,%,10739,kbps,23809,kbps,
rt-class/CME-MD/London_CNE////class-default,,,,,,London_CNE[CME-MD] -> [any]  - class-default,,,83160,B,0,100,,tcp,1,messages per second,1,messages per second,none,true,false,,,,,,,,,
rt-class/CUSTOMERS//London_CNE/CustomerGateway/OrderLatency/class-default,,,,,,[CUSTOMERS] -> London_CNE[CustomerGateway] OrderLatency - class-default,,,10355195,B,60,100,,pnqm,1528,messages per second,92,messages per second,none,true,false,100000,kbps,0,%,,,,,
rt-class/CUSTOMERS/London_CNE//CustomerGateway/PlantLatency/class-default,,,,,,London_CNE[CUSTOMERS] -> [CustomerGateway] PlantLatency - class-default,,,10355195,B,40,100,,pnqm,1528,messages per second,92,messages per second,none,true,false,100000,kbps,0,%,,,,,
rt-class/CUST_AlgoSpeed//London_CNE/CustomerGateway//class-default,,,,,,[CUST_AlgoSpeed] -> London_CNE[CustomerGateway]  - class-default,,,2652985,B,10,100,,pnqm,800,messages per second,31,messages per second,none,true,false,100000,kbps,0,%,,,,,
rt-class/CUST_AlphaChase/London_CNE//CustomerGateway//class-default,,,,,,London_CNE[CUST_AlphaChase] -> [CustomerGateway]  - class-default,,,66864,B,0,100,,pnqm,50,messages per second,3,messages per second,none,true,false,100000,kbps,0,%,,,,,
rt-class/CUST_Arco/London_CNE//CustomerGateway//class-default,,,,,,London_CNE[CUST_Arco] -> [CustomerGateway]  - class-default,,,0,B,0,100,,pnqm,0,messages per second,0,messages per second,none,true,false,100000,kbps,0,%,,,,,
rt-class/CUST_Bergman//London_CNE/CustomerGateway//class-default,,,,,,[CUST_Bergman] -> London_CNE[CustomerGateway]  - class-default,,,6152653,B,1360,100,,pnqm,750,messages per second,60,messages per second,none,true,false,100000,kbps,0,%,,,,,
rt-class/CUST_Bergman//London_CNE/CustomerGateway/TrafficGaps-BusinessHours/class-default,,,,,,[CUST_Bergman] -> London_CNE[CustomerGateway] TrafficGaps-BusinessHours - class-default,,,1013014,B,-1,100,,none,589,kbps,33,kbps,none,false,true,100000,kbps,0,%,59,kbps,4,kbps,
rt-class/CUST_Bergman//London_CNE/CustomerGateway/TrafficGaps/class-default,,,,,,[CUST_Bergman] -> London_CNE[CustomerGateway] TrafficGaps - class-default,,,1013014,B,10,100,,tcp,589,kbps,33,kbps,none,false,true,100000,kbps,0,%,59,kbps,4,kbps,
rt-class/CUST_BlaiseCapital/London_CNE//CustomerGateway//class-default,,,,,,London_CNE[CUST_BlaiseCapital] -> [CustomerGateway]  - class-default,,,0,B,0,100,,pnqm,0,messages per second,0,messages per second,none,true,false,100000,kbps,0,%,,,,,
rt-class/CUST_BriteEdge/London_CNE//CustomerGateway//class-default,,,,,,London_CNE[CUST_BriteEdge] -> [CustomerGateway]  - class-default,,,106231,B,60,100,,pnqm,50,messages per second,6,messages per second,none,true,false,100000,kbps,0,%,,,,,
rt-class/CUST_BroadwayLLC/London_CNE//CustomerGateway//class-default,,,,,,London_CNE[CUST_BroadwayLLC] -> [CustomerGateway]  - class-default,,,22990,B,0,100,,pnqm,1,messages per second,1,messages per second,none,true,false,100000,kbps,0,%,,,,,
rt-class/CUST_CLine/London_CNE//CustomerGateway//class-default,,,,,,London_CNE[CUST_CLine] -> [CustomerGateway]  - class-default,,,57081,B,0,100,,pnqm,1,messages per second,1,messages per second,none,true,false,100000,kbps,0,%,,,,,
rt-class/CUST_Clearborn/London_CNE//CustomerGateway//class-default,,,,,,London_CNE[CUST_Clearborn] -> [CustomerGateway]  - class-default,,,131964,B,0,100,,pnqm,1,messages per second,1,messages per second,none,true,false,100000,kbps,0,%,,,,,
rt-class/CUST_DarkCross/London_CNE//CustomerGateway//class-default,,,,,,London_CNE[CUST_DarkCross] -> [CustomerGateway]  - class-default,,,0,B,0,100,,pnqm,0,messages per second,0,messages per second,none,true,false,100000,kbps,0,%,,,,,
rt-class/CUST_Excalibur/London_CNE//CustomerGateway//class-default,,,,,,London_CNE[CUST_Excalibur] -> [CustomerGateway]  - class-default,,,0,B,0,100,,pnqm,0,messages per second,0,messages per second,none,true,false,100000,kbps,0,%,,,,,
rt-class/CUST_FlowCapital//London_CNE/CustomerGateway//class-default,,,,,,[CUST_FlowCapital] -> London_CNE[CustomerGateway]  - class-default,,,1067642,B,60,100,,pnqm,1528,messages per second,69,messages per second,none,true,false,100000,kbps,0,%,,,,,
rt-class/CUST_GreenSyke/London_CNE//CustomerGateway//class-default,,,,,,London_CNE[CUST_GreenSyke] -> [CustomerGateway]  - class-default,,,5027539,B,1510,100,,pnqm,750,messages per second,57,messages per second,none,true,false,100000,kbps,0,%,,,,,
rt-class/CUST_HedgeFuture/London_CNE//CustomerGateway//class-default,,,,,,London_CNE[CUST_HedgeFuture] -> [CustomerGateway]  - class-default,,,936274,B,50,100,,pnqm,350,messages per second,11,messages per second,none,true,false,100000,kbps,0,%,,,,,
rt-class/CUST_JJR-inc/London_CNE//CustomerGateway//class-default,,,,,,London_CNE[CUST_JJR-inc] -> [CustomerGateway]  - class-default,,,1041996,B,650,100,,pnqm,1528,messages per second,69,messages per second,none,true,false,100000,kbps,0,%,,,,,
rt-class/CUST_LaSalle/London_CNE//CustomerGateway//class-default,,,,,,London_CNE[CUST_LaSalle] -> [CustomerGateway]  - class-default,,,0,B,0,100,,pnqm,0,messages per second,0,messages per second,none,true,false,100000,kbps,0,%,,,,,
rt-class/CUST_MapleGroup/London_CNE//CustomerGateway//class-default,,,,,,London_CNE[CUST_MapleGroup] -> [CustomerGateway]  - class-default,,,0,B,0,100,,pnqm,0,messages per second,0,messages per second,none,true,false,100000,kbps,0,%,,,,,
rt-class/CUST_NP-Trading/London_CNE//CustomerGateway//class-default,,,,,,London_CNE[CUST_NP-Trading] -> [CustomerGateway]  - class-default,,,116839,B,10,100,,pnqm,450,messages per second,18,messages per second,none,true,false,100000,kbps,0,%,,,,,
rt-class/CUST_Optnet/London_CNE//CustomerGateway//class-default,,,,,,London_CNE[CUST_Optnet] -> [CustomerGateway]  - class-default,,,0,B,0,100,,pnqm,0,messages per second,0,messages per second,none,true,false,100000,kbps,0,%,,,,,
rt-class/CUST_RJC-Partners/London_CNE//CustomerGateway//class-default,,,,,,London_CNE[CUST_RJC-Partners] -> [CustomerGateway]  - class-default,,,182873,B,10,100,,pnqm,300,messages per second,15,messages per second,none,true,false,100000,kbps,0,%,,,,,
rt-class/CUST_RiteNote/London_CNE//CustomerGateway//class-default,,,,,,London_CNE[CUST_RiteNote] -> [CustomerGateway]  - class-default,,,276276,B,280,100,,pnqm,300,messages per second,10,messages per second,none,true,false,100000,kbps,0,%,,,,,
rt-class/CUST_SchwartzCap//London_CNE/CustomerGateway//class-default,,,,,,[CUST_SchwartzCap] -> London_CNE[CustomerGateway]  - class-default,,,481915,B,10,100,,pnqm,450,messages per second,24,messages per second,none,true,false,100000,kbps,0,%,,,,,
rt-class/CUST_Securitize/London_CNE//CustomerGateway//class-default,,,,,,London_CNE[CUST_Securitize] -> [CustomerGateway]  - class-default,,,0,B,0,100,,pnqm,0,messages per second,0,messages per second,none,true,false,100000,kbps,0,%,,,,,
rt-class/CUST_SorrinPtnrs/London_CNE//CustomerGateway//class-default,,,,,,London_CNE[CUST_SorrinPtnrs] -> [CustomerGateway]  - class-default,,,18840,B,0,100,,pnqm,1,messages per second,1,messages per second,none,true,false,100000,kbps,0,%,,,,,
rt-class/CUST_TertiarLLC/London_CNE//CustomerGateway//class-default,,,,,,London_CNE[CUST_TertiarLLC] -> [CustomerGateway]  - class-default,,,33630,B,0,100,,pnqm,1,messages per second,1,messages per second,none,true,false,100000,kbps,0,%,,,,,
rt-class/CUST_Ukemi/London_CNE//CustomerGateway//class-default,,,,,,London_CNE[CUST_Ukemi] -> [CustomerGateway]  - class-default,,,161335,B,10,100,,pnqm,450,messages per second,22,messages per second,none,true,false,100000,kbps,0,%,,,,,
rt-class/CUST_WallCity/London_CNE//CustomerGateway//class-default,,,,,,London_CNE[CUST_WallCity] -> [CustomerGateway]  - class-default,,,8514,B,0,100,,pnqm,0,messages per second,0,messages per second,none,true,false,100000,kbps,0,%,,,,,
rt-class/CUST_WhiteLine/London_CNE//CustomerGateway//class-default,,,,,,London_CNE[CUST_WhiteLine] -> [CustomerGateway]  - class-default,,,16763,B,0,100,,pnqm,1,messages per second,1,messages per second,none,true,false,100000,kbps,0,%,,,,,
rt-class/CUST_Xtense/London_CNE//CustomerGateway//class-default,,,,,,London_CNE[CUST_Xtense] -> [CustomerGateway]  - class-default,,,0,B,0,100,,pnqm,0,messages per second,0,messages per second,none,true,false,100000,kbps,0,%,,,,,
rt-class/CUST_YTrade//London_CNE/CustomerGateway//class-default,,,,,,[CUST_YTrade] -> London_CNE[CustomerGateway]  - class-default,,,112100,B,0,100,,pnqm,50,messages per second,2,messages per second,none,true,false,100000,kbps,0,%,,,,,
rt-class/CustomerGateway//London_CNE/CUSTOMERS/PlantLatency/class-default,,,,,,London_CNE[CUSTOMERS] <- [CustomerGateway] PlantLatency - class-default,,,15584526,B,60,100,,pnqm,9291,messages per second,753,messages per second,none,true,false,100000,kbps,0,%,,,,,
rt-class/CustomerGateway//London_CNE/CUST_AlphaChase//class-default,,,,,,London_CNE[CUST_AlphaChase] <- [CustomerGateway]  - class-default,,,116319,B,-1,100,,none,800,messages per second,34,messages per second,none,true,false,100000,kbps,0,%,,,,,
rt-class/CustomerGateway//London_CNE/CUST_Arco//class-default,,,,,,London_CNE[CUST_Arco] <- [CustomerGateway]  - class-default,,,0,B,-1,100,,none,0,messages per second,0,messages per second,none,true,false,100000,kbps,0,%,,,,,
rt-class/CustomerGateway//London_CNE/CUST_BlaiseCapital//class-default,,,,,,London_CNE[CUST_BlaiseCapital] <- [CustomerGateway]  - class-default,,,0,B,-1,100,,none,0,messages per second,0,messages per second,none,true,false,100000,kbps,0,%,,,,,
rt-class/CustomerGateway//London_CNE/CUST_BriteEdge//class-default,,,,,,London_CNE[CUST_BriteEdge] <- [CustomerGateway]  - class-default,,,88685,B,-1,100,,none,16,messages per second,6,messages per second,none,true,false,100000,kbps,0,%,,,,,
rt-class/CustomerGateway//London_CNE/CUST_BroadwayLLC//class-default,,,,,,London_CNE[CUST_BroadwayLLC] <- [CustomerGateway]  - class-default,,,23781,B,-1,100,,none,2,messages per second,1,messages per second,none,true,false,100000,kbps,0,%,,,,,
rt-class/CustomerGateway//London_CNE/CUST_CLine//class-default,,,,,,London_CNE[CUST_CLine] <- [CustomerGateway]  - class-default,,,74672,B,-1,100,,none,1,messages per second,1,messages per second,none,true,false,100000,kbps,0,%,,,,,
rt-class/CustomerGateway//London_CNE/CUST_Clearborn//class-default,,,,,,London_CNE[CUST_Clearborn] <- [CustomerGateway]  - class-default,,,280307,B,-1,100,,none,5450,messages per second,193,messages per second,none,true,false,100000,kbps,0,%,,,,,
rt-class/CustomerGateway//London_CNE/CUST_DarkCross//class-default,,,,,,London_CNE[CUST_DarkCross] <- [CustomerGateway]  - class-default,,,0,B,-1,100,,none,0,messages per second,0,messages per second,none,true,false,100000,kbps,0,%,,,,,
rt-class/CustomerGateway//London_CNE/CUST_Excalibur//class-default,,,,,,London_CNE[CUST_Excalibur] <- [CustomerGateway]  - class-default,,,0,B,-1,100,,none,0,messages per second,0,messages per second,none,true,false,100000,kbps,0,%,,,,,
rt-class/CustomerGateway//London_CNE/CUST_GreenSyke//class-default,,,,,,London_CNE[CUST_GreenSyke] <- [CustomerGateway]  - class-default,,,5315392,B,-1,100,,none,650,messages per second,230,messages per second,none,true,false,100000,kbps,0,%,,,,,
rt-class/CustomerGateway//London_CNE/CUST_HedgeFuture//class-default,,,,,,London_CNE[CUST_HedgeFuture] <- [CustomerGateway]  - class-default,,,2194900,B,-1,100,,none,5608,messages per second,247,messages per second,none,true,false,100000,kbps,0,%,,,,,
rt-class/CustomerGateway//London_CNE/CUST_JJR-inc//class-default,,,,,,London_CNE[CUST_JJR-inc] <- [CustomerGateway]  - class-default,,,2616120,B,-1,100,,none,250,messages per second,48,messages per second,none,true,false,100000,kbps,0,%,,,,,
rt-class/CustomerGateway//London_CNE/CUST_LaSalle//class-default,,,,,,London_CNE[CUST_LaSalle] <- [CustomerGateway]  - class-default,,,0,B,-1,100,,none,0,messages per second,0,messages per second,none,true,false,100000,kbps,0,%,,,,,
rt-class/CustomerGateway//London_CNE/CUST_MapleGroup//class-default,,,,,,London_CNE[CUST_MapleGroup] <- [CustomerGateway]  - class-default,,,0,B,-1,100,,none,0,messages per second,0,messages per second,none,true,false,100000,kbps,0,%,,,,,
rt-class/CustomerGateway//London_CNE/CUST_NP-Trading//class-default,,,,,,London_CNE[CUST_NP-Trading] <- [CustomerGateway]  - class-default,,,102235,B,-1,100,,none,450,messages per second,18,messages per second,none,true,false,100000,kbps,0,%,,,,,
rt-class/CustomerGateway//London_CNE/CUST_Optnet//class-default,,,,,,London_CNE[CUST_Optnet] <- [CustomerGateway]  - class-default,,,0,B,-1,100,,none,0,messages per second,0,messages per second,none,true,false,100000,kbps,0,%,,,,,
rt-class/CustomerGateway//London_CNE/CUST_RJC-Partners//class-default,,,,,,London_CNE[CUST_RJC-Partners] <- [CustomerGateway]  - class-default,,,175537,B,-1,100,,none,450,messages per second,15,messages per second,none,true,false,100000,kbps,0,%,,,,,
rt-class/CustomerGateway//London_CNE/CUST_RiteNote//class-default,,,,,,London_CNE[CUST_RiteNote] <- [CustomerGateway]  - class-default,,,654079,B,-1,100,,none,4800,messages per second,182,messages per second,none,true,false,100000,kbps,0,%,,,,,
rt-class/CustomerGateway//London_CNE/CUST_Securitize//class-default,,,,,,London_CNE[CUST_Securitize] <- [CustomerGateway]  - class-default,,,0,B,-1,100,,none,0,messages per second,0,messages per second,none,true,false,100000,kbps,0,%,,,,,
rt-class/CustomerGateway//London_CNE/CUST_SorrinPtnrs//class-default,,,,,,London_CNE[CUST_SorrinPtnrs] <- [CustomerGateway]  - class-default,,,19680,B,-1,100,,none,1,messages per second,1,messages per second,none,true,false,100000,kbps,0,%,,,,,
rt-class/CustomerGateway//London_CNE/CUST_TertiarLLC//class-default,,,,,,London_CNE[CUST_TertiarLLC] <- [CustomerGateway]  - class-default,,,25620,B,-1,100,,none,1,messages per second,1,messages per second,none,true,false,100000,kbps,0,%,,,,,
rt-class/CustomerGateway//London_CNE/CUST_Ukemi//class-default,,,,,,London_CNE[CUST_Ukemi] <- [CustomerGateway]  - class-default,,,141375,B,-1,100,,none,450,messages per second,22,messages per second,none,true,false,100000,kbps,0,%,,,,,
rt-class/CustomerGateway//London_CNE/CUST_WallCity//class-default,,,,,,London_CNE[CUST_WallCity] <- [CustomerGateway]  - class-default,,,40193,B,-1,100,,none,0,messages per second,0,messages per second,none,true,false,100000,kbps,0,%,,,,,
rt-class/CustomerGateway//London_CNE/CUST_WhiteLine//class-default,,,,,,London_CNE[CUST_WhiteLine] <- [CustomerGateway]  - class-default,,,33332,B,-1,100,,none,1,messages per second,1,messages per second,none,true,false,100000,kbps,0,%,,,,,
rt-class/CustomerGateway//London_CNE/CUST_Xtense//class-default,,,,,,London_CNE[CUST_Xtense] <- [CustomerGateway]  - class-default,,,0,B,-1,100,,none,0,messages per second,0,messages per second,none,true,false,100000,kbps,0,%,,,,,
rt-class/CustomerGateway//London_CNE/XCapital-01/XCapital-1/class-default,,,,,,London_CNE[XCapital-01] <- [CustomerGateway] XCapital-1 - class-default,,,43624,B,-1,100,,none,1,messages per second,1,messages per second,none,true,false,100000,kbps,0,%,,,,,
rt-class/CustomerGateway//London_CNE/XCapital-02/XCapital-2/class-default,,,,,,London_CNE[XCapital-02] <- [CustomerGateway] XCapital-2 - class-default,,,0,B,-1,100,,none,0,messages per second,0,messages per second,none,true,false,100000,kbps,0,%,,,,,
rt-class/CustomerGateway/London_CNE//CUSTOMERS/OrderLatency/class-default,,,,,,[CUSTOMERS] <- London_CNE[CustomerGateway] OrderLatency - class-default,,,15584526,B,-1,100,,none,9291,messages per second,753,messages per second,none,true,false,100000,kbps,0,%,,,,,
rt-class/CustomerGateway/London_CNE//CUST_AlgoSpeed//class-default,,,,,,[CUST_AlgoSpeed] <- London_CNE[CustomerGateway]  - class-default,,,6127196,B,-1,100,,none,9291,messages per second,726,messages per second,none,true,false,100000,kbps,0,%,,,,,
rt-class/CustomerGateway/London_CNE//CUST_Bergman//class-default,,,,,,[CUST_Bergman] <- London_CNE[CustomerGateway]  - class-default,,,6385745,B,-1,100,,none,650,messages per second,231,messages per second,none,true,false,100000,kbps,0,%,,,,,
rt-class/CustomerGateway/London_CNE//CUST_Bergman/TrafficGaps-BusinessHours/class-default,,,,,,[CUST_Bergman] <- London_CNE[CustomerGateway] TrafficGaps-BusinessHours - class-default,,,6385745,B,-1,100,,none,1736,kbps,765,kbps,none,false,true,100000,kbps,0,%,606,kbps,449,kbps,
rt-class/CustomerGateway/London_CNE//CUST_Bergman/TrafficGaps/class-default,,,,,,[CUST_Bergman] <- London_CNE[CustomerGateway] TrafficGaps - class-default,,,6385745,B,10,100,,tcp,1736,kbps,765,kbps,none,false,true,100000,kbps,0,%,606,kbps,449,kbps,
rt-class/CustomerGateway/London_CNE//CUST_FlowCapital//class-default,,,,,,[CUST_FlowCapital] <- London_CNE[CustomerGateway]  - class-default,,,2633827,B,-1,100,,none,250,messages per second,48,messages per second,none,true,false,100000,kbps,0,%,,,,,
rt-class/CustomerGateway/London_CNE//CUST_SchwartzCap//class-default,,,,,,[CUST_SchwartzCap] <- London_CNE[CustomerGateway]  - class-default,,,437758,B,-1,100,,none,450,messages per second,24,messages per second,none,true,false,100000,kbps,0,%,,,,,
rt-class/CustomerGateway/London_CNE//CUST_YTrade//class-default,,,,,,[CUST_YTrade] <- London_CNE[CustomerGateway]  - class-default,,,107560,B,-1,100,,none,4,messages per second,1,messages per second,none,true,false,100000,kbps,0,%,,,,,
rt-class/CustomerGateway/London_CNE//XCapital-03/XCapital-3/class-default,,,,,,[XCapital-03] <- London_CNE[CustomerGateway] XCapital-3 - class-default,,,0,B,-1,100,,none,0,messages per second,0,messages per second,none,true,false,100000,kbps,0,%,,,,,
rt-class/DC_Chicago//London_CNE//%40Chicago/class-default,,,,,,London_CNE[any] <- [DC_Chicago] @Chicago - class-default,,,584501974,B,-1,100,,none,48532,kbps,2663,kbps,none,false,true,100000,kbps,1,%,,,,,
rt-class/DC_Chicago//London_CNE///class-default,,,,,,London_CNE[any] <- [DC_Chicago]  - class-default,100,remaining %,584506284,B,100,100,,pnqm,13696,kbps,2642,kbps,none,false,true,100000,kbps,1,%,3454,kbps,2274,kbps,
rt-class/DC_Frankfurt//London_CNE//%40Frankfurt/class-default,,,,,,London_CNE[any] <- [DC_Frankfurt] @Frankfurt - class-default,,,39573180,B,80,100,,tcp,37599,kbps,5839,kbps,none,false,true,100000,kbps,0,%,,,,,
rt-class/DC_Frankfurt//London_CNE///class-default,,,,,,London_CNE[any] <- [DC_Frankfurt]  - class-default,100,remaining %,39573180,B,50,100,,pnqm,25776,kbps,5839,kbps,none,false,true,100000,kbps,0,%,22654,kbps,21335,kbps,
rt-class/DC_NewJersey/NewJersey_CNE/London_CNE///class-default,,,,,,London_CNE[any] <- NewJersey_CNE[DC_NewJersey]  - class-default,,,0,B,0,100,,tcp,0,kbps,0,kbps,none,false,true,,,,,0,kbps,0,kbps,
rt-class/Eurex-EBS-A//London_CNE/FeedHandler/AvB_Latency/class-default,,,,,,[Eurex-EBS-A] -> London_CNE[FeedHandler] AvB_Latency - class-default,,,509071799,B,170,100,,pnqm,98724,kbps,7864,kbps,none,true,true,1000000,kbps,0,%,10956,kbps,20713,kbps,
rt-class/Eurex-EBS-B//London_CNE/FeedHandler//class-default,,,,,,[Eurex-EBS-B] -> London_CNE[FeedHandler]  - class-default,,,509032552,B,-1,100,,none,49516,kbps,7827,kbps,none,true,true,50000,kbps,2,%,10956,kbps,20920,kbps,
rt-class/Euronext-UTP-A/London_CNE////class-default,,,,,,London_CNE[Euronext-UTP-A] -> [any]  - class-default,,,32035120,B,0,100,,tcp,15800,messages per second,843,messages per second,none,true,false,,,,,,,,,
rt-class/LSE-Infolect//London_CNE/FeedHandler/Infolect/class-default,,,,,,[LSE-Infolect] -> London_CNE[FeedHandler] Infolect - class-default,,,262976405,B,-1,100,,none,67737,kbps,6074,kbps,none,false,true,50000,kbps,1,%,6796,kbps,12469,kbps,
rt-class/LSE-Infolect//London_CNE/FeedHandler/MarketData%40PortB/class-default,,,,,,[LSE-Infolect] -> London_CNE[FeedHandler] MarketData@PortB - class-default,,,262976255,B,0,100,,tcp,33144,kbps,6074,kbps,none,false,true,50000,kbps,1,%,,,,,
rt-class/LSE-Infolect//London_CNE/FeedHandler/MarketData/class-default,,,,,,[LSE-Infolect] -> London_CNE[FeedHandler] MarketData - class-default,,,262976405,B,10,100,,pnqm,67737,kbps,6074,kbps,none,false,true,50000,kbps,1,%,6796,kbps,12469,kbps,
rt-class/Nasdaq-ITCH/London_CNE////class-default,,,,,,London_CNE[Nasdaq-ITCH] -> [any]  - class-default,,,4988624,B,0,100,,tcp,33600,messages per second,569,messages per second,none,true,false,,,,,,,,,
rt-class/OPRA-A//London_CNE/FeedHandler//class-default,,,,,,[OPRA-A] -> London_CNE[FeedHandler]  - class-default,,,306170,B,-1,100,,none,66834,kbps,324,kbps,none,false,true,1000000,kbps,0,%,3288,kbps,530,kbps,
rt-class/OPRA-B//London_CNE/FeedHandler//class-default,,,,,,[OPRA-B] -> London_CNE[FeedHandler]  - class-default,,,306170,B,-1,100,,none,48574,kbps,324,kbps,none,false,true,50000,kbps,0,%,3234,kbps,530,kbps,
rt-class/OpenBookUltra//London_CNE/FeedHandler/OpenBook/class-default,,,,,,[OpenBookUltra] -> London_CNE[FeedHandler] OpenBook - class-default,,,293396382,B,-1,100,,none,13440,kbps,5085,kbps,none,true,true,50000,kbps,1,%,5042,kbps,5659,kbps,
rt-class/OrderRouter/London_CNE//Broker_MetroBank//class-default,,,,,,London_CNE[OrderRouter] -> [Broker_MetroBank]  - class-default,,,78470,B,0,100,,pnqm,50,messages per second,1,messages per second,none,true,false,100000,kbps,0,%,,,,,
rt-class/OrderRouter/London_CNE//Broker_MetroBank/Session-1/class-default,,,,,,London_CNE[OrderRouter] -> [Broker_MetroBank] Session-1 - class-default,,,50681,B,0,100,,pnqm,1,messages per second,1,messages per second,none,true,false,100000,kbps,0,%,,,,,
rt-class/OrderRouter/London_CNE//Broker_MetroBank/Session-2/class-default,,,,,,London_CNE[OrderRouter] -> [Broker_MetroBank] Session-2 - class-default,,,27789,B,0,100,,pnqm,1,messages per second,1,messages per second,none,true,false,100000,kbps,0,%,,,,,
rt-class/OrderRouter/London_CNE//Broker_OTCtrade//class-default,,,,,,London_CNE[OrderRouter] -> [Broker_OTCtrade]  - class-default,,,1067642,B,60,100,,pnqm,1522,messages per second,69,messages per second,none,true,false,100000,kbps,0,%,,,,,
rt-class/OrderRouter/London_CNE//Broker_OTCtrade/Session-1/class-default,,,,,,London_CNE[OrderRouter] -> [Broker_OTCtrade] Session-1 - class-default,,,39126,B,0,100,,pnqm,50,messages per second,2,messages per second,none,true,false,100000,kbps,0,%,,,,,
rt-class/OrderRouter/London_CNE//Broker_OTCtrade/Session-2/class-default,,,,,,London_CNE[OrderRouter] -> [Broker_OTCtrade] Session-2 - class-default,,,1028516,B,60,100,,pnqm,1522,messages per second,69,messages per second,none,true,false,100000,kbps,0,%,,,,,
rt-class/OrderRouter/London_CNE//VENUES/VenueLatency/class-default,,,,,,London_CNE[OrderRouter] -> [VENUES] VenueLatency - class-default,,,10355195,B,60,100,,pnqm,1522,messages per second,92,messages per second,none,true,false,100000,kbps,0,%,,,,,
rt-class/OrderRouter/London_CNE//VENUE_Chicago//class-default,,,,,,London_CNE[OrderRouter] -> [VENUE_Chicago]  - class-default,,,2652985,B,10,100,,pnqm,800,messages per second,31,messages per second,none,true,false,100000,kbps,0,%,,,,,
rt-class/OrderRouter/London_CNE//VENUE_Chicago/Session-1/class-default,,,,,,London_CNE[OrderRouter] -> [VENUE_Chicago] Session-1 - class-default,,,929477,B,10,100,,pnqm,350,messages per second,11,messages per second,none,true,false,100000,kbps,0,%,,,,,
rt-class/OrderRouter/London_CNE//VENUE_Chicago/Session-2/class-default,,,,,,London_CNE[OrderRouter] -> [VENUE_Chicago] Session-2 - class-default,,,1011306,B,10,100,,pnqm,438,messages per second,12,messages per second,none,true,false,100000,kbps,0,%,,,,,
rt-class/OrderRouter/London_CNE//VENUE_Chicago/Session-3/class-default,,,,,,London_CNE[OrderRouter] -> [VENUE_Chicago] Session-3 - class-default,,,276276,B,10,100,,pnqm,300,messages per second,10,messages per second,none,true,false,100000,kbps,0,%,,,,,
rt-class/OrderRouter/London_CNE//VENUE_Chicago/Session-4/class-default,,,,,,London_CNE[OrderRouter] -> [VENUE_Chicago] Session-4 - class-default,,,276224,B,10,100,,pnqm,300,messages per second,10,messages per second,none,true,false,100000,kbps,0,%,,,,,
rt-class/OrderRouter/London_CNE//VENUE_LambdaATS//class-default,,,,,,London_CNE[OrderRouter] -> [VENUE_LambdaATS]  - class-default,,,481915,B,10,100,,pnqm,350,messages per second,21,messages per second,none,true,false,100000,kbps,0,%,,,,,
rt-class/OrderRouter/London_CNE//VENUE_Lambda_ATS/Session-1/class-default,,,,,,London_CNE[OrderRouter] -> [VENUE_Lambda_ATS] Session-1 - class-default,,,180375,B,10,100,,pnqm,350,messages per second,20,messages per second,none,true,false,100000,kbps,0,%,,,,,
rt-class/OrderRouter/London_CNE//VENUE_Lambda_ATS/Session-2/class-default,,,,,,London_CNE[OrderRouter] -> [VENUE_Lambda_ATS] Session-2 - class-default,,,301540,B,10,100,,pnqm,350,messages per second,18,messages per second,none,true,false,100000,kbps,0,%,,,,,
rt-class/OrderRouter/London_CNE//VENUE_London//class-default,,,,,,London_CNE[OrderRouter] -> [VENUE_London]  - class-default,,,6040553,B,1360,100,,pnqm,750,messages per second,58,messages per second,none,true,false,100000,kbps,0,%,,,,,
rt-class/OrderRouter/London_CNE//VENUE_London/Session-1/class-default,,,,,,London_CNE[OrderRouter] -> [VENUE_London] Session-1 - class-default,,,13034,B,0,100,,pnqm,0,messages per second,0,messages per second,none,true,false,100000,kbps,0,%,,,,,
rt-class/OrderRouter/London_CNE//VENUE_London/Session-2/class-default,,,,,,London_CNE[OrderRouter] -> [VENUE_London] Session-2 - class-default,,,13480,B,0,100,,pnqm,0,messages per second,0,messages per second,none,true,false,100000,kbps,0,%,,,,,
rt-class/OrderRouter/London_CNE//VENUE_London/Session-3/class-default,,,,,,London_CNE[OrderRouter] -> [VENUE_London] Session-3 - class-default,,,5124821,B,70,100,,pnqm,750,messages per second,58,messages per second,none,true,false,100000,kbps,0,%,,,,,
rt-class/OrderRouter/London_CNE//VENUE_NewYork//class-default,,,,,,London_CNE[OrderRouter] -> [VENUE_NewYork]  - class-default,,,33630,B,0,100,,pnqm,1,messages per second,1,messages per second,none,true,false,100000,kbps,0,%,,,,,
rt-class/OrderRouter/London_CNE//VENUE_NewYork/Session-1/class-default,,,,,,London_CNE[OrderRouter] -> [VENUE_NewYork] Session-1 - class-default,,,33630,B,0,100,,pnqm,1,messages per second,1,messages per second,none,true,false,100000,kbps,0,%,,,,,
rt-class/PropTradersA/London_CNE//VENUE_NJ-ATS/order-ack-latency/class-default,,,,,,London_CNE[PropTradersA] -> [VENUE_NJ-ATS] order-ack-latency - class-default,,,33477200,B,50,100,,pnqm,1360,messages per second,156,messages per second,none,true,false,,,,,,,,,
rt-class/PropTradersA/London_CNE//VENUE_NJ-ATS/order-to-tick-latency/class-default,,,,,,London_CNE[PropTradersA] -> [VENUE_NJ-ATS] order-to-tick-latency - class-default,,,33477200,B,9990,100,,pnqm,1360,messages per second,156,messages per second,none,true,false,,,,,,,,,
rt-class/PropTradersB/London_CNE//VENUE_Nasdaq/order-ack-latency/class-default,,,,,,London_CNE[PropTradersB] -> [VENUE_Nasdaq] order-ack-latency - class-default,,,6138080,B,10,100,,pnqm,500,messages per second,94,messages per second,none,true,false,,,,,,,,,
rt-class/PropTradersB/London_CNE//VENUE_Nasdaq/order-to-tick-latency/class-default,,,,,,London_CNE[PropTradersB] -> [VENUE_Nasdaq] order-to-tick-latency - class-default,,,6138080,B,10,100,,pnqm,500,messages per second,94,messages per second,none,true,false,,,,,,,,,
rt-class/TotalViewITCH//London_CNE/FeedHandler//class-default,,,,,,[TotalViewITCH] -> London_CNE[FeedHandler]  - class-default,,,195448661,B,-1,100,,none,210000,kbps,33625,kbps,none,false,true,50000,kbps,1,%,57152,kbps,92455,kbps,
rt-class/Unmatched%20Traffic//London_CNE//Unmatched%20Traffic/class-default,,,,,,London_CNE[any] <- [Unmatched Traffic] Unmatched Traffic - class-default,,,0,B,-1,100,,none,0,kbps,0,kbps,none,false,true,,,,,,,,,
rt-class/VENUES//London_CNE/OrderRouter/VenueLatency/class-default,,,,,,London_CNE[OrderRouter] <- [VENUES] VenueLatency - class-default,,,15584526,B,-1,100,,none,9158,messages per second,753,messages per second,none,true,false,100000,kbps,0,%,,,,,
rt-class/VENUE_Chicago//London_CNE/AlgoEngine/AlgoLatency/class-default,,,,,,London_CNE[AlgoEngine] <- [VENUE_Chicago] AlgoLatency - class-default,,,529560,B,0,100,,pnqm,37,messages per second,1,messages per second,none,true,false,,,,,,,,,
rt-class/VENUE_Chicago//London_CNE/OrderRouter//class-default,,,,,,London_CNE[OrderRouter] <- [VENUE_Chicago]  - class-default,,,6127196,B,-1,100,,none,9158,messages per second,726,messages per second,none,true,false,100000,kbps,0,%,,,,,
rt-class/VENUE_Chicago//London_CNE/OrderRouter/Session-1/class-default,,,,,,London_CNE[OrderRouter] <- [VENUE_Chicago] Session-1 - class-default,,,2190782,B,-1,100,,none,5600,messages per second,247,messages per second,none,true,false,100000,kbps,0,%,,,,,
rt-class/VENUE_Chicago//London_CNE/OrderRouter/Session-2/class-default,,,,,,London_CNE[OrderRouter] <- [VENUE_Chicago] Session-2 - class-default,,,2302869,B,-1,100,,none,4300,messages per second,247,messages per second,none,true,false,100000,kbps,0,%,,,,,
rt-class/VENUE_Chicago//London_CNE/OrderRouter/Session-3/class-default,,,,,,London_CNE[OrderRouter] <- [VENUE_Chicago] Session-3 - class-default,,,654079,B,-1,100,,none,4800,messages per second,182,messages per second,none,true,false,100000,kbps,0,%,,,,,
rt-class/VENUE_Chicago//London_CNE/OrderRouter/Session-4/class-default,,,,,,London_CNE[OrderRouter] <- [VENUE_Chicago] Session-4 - class-default,,,653764,B,-1,100,,none,5050,messages per second,181,messages per second,none,true,false,100000,kbps,0,%,,,,,
rt-class/VENUE_LambdaATS//London_CNE/OrderRouter//class-default,,,,,,London_CNE[OrderRouter] <- [VENUE_LambdaATS]  - class-default,,,437758,B,-1,100,,none,450,messages per second,24,messages per second,none,true,false,100000,kbps,0,%,,,,,
rt-class/VENUE_Lambda_ATS//London_CNE/OrderRouter/Session-1/class-default,,,,,,London_CNE[OrderRouter] <- [VENUE_Lambda_ATS] Session-1 - class-default,,,161509,B,-1,100,,none,450,messages per second,23,messages per second,none,true,false,100000,kbps,0,%,,,,,
rt-class/VENUE_Lambda_ATS//London_CNE/OrderRouter/Session-2/class-default,,,,,,London_CNE[OrderRouter] <- [VENUE_Lambda_ATS] Session-2 - class-default,,,276249,B,-1,100,,none,450,messages per second,18,messages per second,none,true,false,100000,kbps,0,%,,,,,
rt-class/VENUE_London//London_CNE/OrderRouter//class-default,,,,,,London_CNE[OrderRouter] <- [VENUE_London]  - class-default,,,6278185,B,-1,100,,none,650,messages per second,231,messages per second,none,true,false,100000,kbps,0,%,,,,,
rt-class/VENUE_London//London_CNE/OrderRouter/Session-1/class-default,,,,,,London_CNE[OrderRouter] <- [VENUE_London] Session-1 - class-default,,,57509,B,-1,100,,none,0,messages per second,0,messages per second,none,true,false,100000,kbps,0,%,,,,,
rt-class/VENUE_London//London_CNE/OrderRouter/Session-2/class-default,,,,,,London_CNE[OrderRouter] <- [VENUE_London] Session-2 - class-default,,,53217,B,-1,100,,none,0,messages per second,0,messages per second,none,true,false,100000,kbps,0,%,,,,,
rt-class/VENUE_London//London_CNE/OrderRouter/Session-3/class-default,,,,,,London_CNE[OrderRouter] <- [VENUE_London] Session-3 - class-default,,,5394729,B,-1,100,,none,650,messages per second,231,messages per second,none,true,false,100000,kbps,0,%,,,,,
rt-class/VENUE_NJ-ATS//London_CNE/PropTradersA/order-ack-latency/class-default,,,,,,London_CNE[PropTradersA] <- [VENUE_NJ-ATS] order-ack-latency - class-default,,,26212384,B,-1,100,,none,2730,messages per second,312,messages per second,none,true,false,,,,,,,,,
rt-class/VENUE_NJ-ATS//London_CNE/PropTradersA/order-to-tick-latency/class-default,,,,,,London_CNE[PropTradersA] <- [VENUE_NJ-ATS] order-to-tick-latency - class-default,,,26212384,B,0,100,,pnqm,2730,messages per second,312,messages per second,none,true,false,,,,,,,,,
rt-class/VENUE_Nasdaq//London_CNE/PropTradersB/order-ack-latency/class-default,,,,,,London_CNE[PropTradersB] <- [VENUE_Nasdaq] order-ack-latency - class-default,,,6100176,B,-1,100,,none,540,messages per second,106,messages per second,none,true,false,,,,,,,,,
rt-class/VENUE_Nasdaq//London_CNE/PropTradersB/order-to-tick-latency/class-default,,,,,,London_CNE[PropTradersB] <- [VENUE_Nasdaq] order-to-tick-latency - class-default,,,6100176,B,0,100,,pnqm,540,messages per second,106,messages per second,none,true,false,,,,,,,,,
rt-class/VENUE_NewYork//London_CNE/OrderRouter//class-default,,,,,,London_CNE[OrderRouter] <- [VENUE_NewYork]  - class-default,,,25620,B,-1,100,,none,1,messages per second,1,messages per second,none,true,false,100000,kbps,0,%,,,,,
rt-class/VENUE_NewYork//London_CNE/OrderRouter/Session-1/class-default,,,,,,London_CNE[OrderRouter] <- [VENUE_NewYork] Session-1 - class-default,,,25620,B,-1,100,,none,1,messages per second,1,messages per second,none,true,false,100000,kbps,0,%,,,,,
rt-class/XCapital-01/London_CNE//CustomerGateway/XCapital-1/class-default,,,,,,London_CNE[XCapital-01] -> [CustomerGateway] XCapital-1 - class-default,,,41762,B,0,100,,pnqm,1,messages per second,1,messages per second,none,true,false,100000,kbps,0,%,,,,,
rt-class/XCapital-02/London_CNE//CustomerGateway/XCapital-2/class-default,,,,,,London_CNE[XCapital-02] -> [CustomerGateway] XCapital-2 - class-default,,,0,B,0,100,,pnqm,0,messages per second,0,messages per second,none,true,false,100000,kbps,0,%,,,,,
rt-class/XCapital-03//London_CNE/CustomerGateway/XCapital-3/class-default,,,,,,[XCapital-03] -> London_CNE[CustomerGateway] XCapital-3 - class-default,,,0,B,0,100,,pnqm,0,messages per second,0,messages per second,none,true,false,100000,kbps,0,%,,,,,
rt-class/Xetra-EBS-A//London_CNE/FeedHandler//class-default,,,,,,[Xetra-EBS-A] -> London_CNE[FeedHandler]  - class-default,,,137333436,B,-1,100,,none,33664,kbps,3970,kbps,none,false,true,1000000,kbps,0,%,4467,kbps,7286,kbps,
rt-class/Xetra-EBS-B//London_CNE/FeedHandler//class-default,,,,,,[Xetra-EBS-B] -> London_CNE[FeedHandler]  - class-default,,,137279954,B,-1,100,,none,33648,kbps,3897,kbps,none,false,true,50000,kbps,1,%,4412,kbps,7286,kbps,
