key,name,number,user,type,status,activeJobStatus,statusInQueue,jobStartDate,jobStartTime,jobEndDate,jobEndTime,subsystem,priority,endReason,timeElapsed,
QZDASOINIT/419754,QZDASOINIT,419754,QUSER,BATCH,ACTIVE,TIMW,,2015-07-09,07:33:14,,,QUSRWRK,20 ,Job not ending.,00:03:03:59,
QZDASOINIT/419755,QZDASOINIT,419755,QUSER,BATCH,ACTIVE,TIMW,,2015-07-09,07:33:14,,,QUSRWRK,20 ,Job not ending.,00:03:03:59,
QZDASOINIT/419758,QZDASOINIT,419758,QUSER,BATCH,ACTIVE,TIMW,,2015-07-09,07:33:14,,,QUSRWRK,20 ,Job not ending.,00:03:03:59,
QZDASOINIT/419759,QZDASOINIT,419759,QUSER,BATCH,ACTIVE,TIMW,,2015-07-09,07:33:14,,,QUSRWRK,20 ,Job not ending.,00:03:03:59,
QZRCSRVS/419748,QZRCSRVS,419748,QUSER,BATCH,ACTIVE,RUN,,2015-07-09,07:30:51,,,QUSRWRK,20 ,Job not ending.,00:03:06:22,
QZDASOINIT/419673,QZDASOINIT,419673,QUSER,BATCH,ACTIVE,TIMW,,2015-07-09,06:48:45,,,QUSRWRK,20 ,Job not ending.,00:03:48:28,
QZDASOINIT/419402,QZDASOINIT,419402,QUSER,BATCH,ACTIVE,TIMA,,2015-07-09,04:22:00,,,QUSRWRK,20 ,Job not ending.,00:06:15:13,
INTJFB2/419388,INTJFB2,419388,QSYS,SUBSYSTEM_MONITOR,ACTIVE,DEQW,,2015-07-09,04:09:16,,,INTJFB2,0 ,Job not ending.,00:06:27:57,
QZDASOINIT/419336,QZDASOINIT,419336,QUSER,BATCH,ACTIVE,TIMW,,2015-07-09,03:35:24,,,QUSRWRK,20 ,Job not ending.,00:07:01:49,
QZDASOINIT/419319,QZDASOINIT,419319,QUSER,BATCH,ACTIVE,TIMW,,2015-07-09,03:28:17,,,QUSRWRK,20 ,Job not ending.,00:07:08:56,
INTJFB3/419250,INTJFB3,419250,QSYS,SUBSYSTEM_MONITOR,ACTIVE,DEQW,,2015-07-09,02:58:20,,,INTJFB3,0 ,Job not ending.,00:07:38:53,
QZDASOINIT/419238,QZDASOINIT,419238,QUSER,BATCH,ACTIVE,TIMW,,2015-07-09,02:47:34,,,QUSRWRK,20 ,Job not ending.,00:07:49:39,
CRTPFRDTA/419033,CRTPFRDTA,419033,QSYS,BATCH,ACTIVE,DEQW,RLS,2015-07-09,00:00:02,,,QSYSWRK,50 ,Job not ending.,00:10:37:11,
QHTTP/419034,QHTTP,419034,QTMHHTTP,BATCH,ACTIVE,SELW,RLS,2015-07-09,00:00:02,,,QSYSWRK,10 ,Job not ending.,00:10:37:11,
QZDASOINIT/419020,QZDASOINIT,419020,QUSER,BATCH,ACTIVE,TIMW,,2015-07-08,23:55:40,,,QUSRWRK,20 ,Job not ending.,00:10:41:33,
QZDASOINIT/419011,QZDASOINIT,419011,QUSER,BATCH,ACTIVE,TIMW,,2015-07-08,23:45:11,,,QUSRWRK,20 ,Job not ending.,00:10:52:02,
QZDASOINIT/418877,QZDASOINIT,418877,QUSER,BATCH,ACTIVE,TIMW,,2015-07-08,22:19:34,,,QUSRWRK,20 ,Job not ending.,00:12:17:39,
QZDASOINIT/418876,QZDASOINIT,418876,QUSER,BATCH,ACTIVE,TIMW,,2015-07-08,22:18:53,,,QUSRWRK,20 ,Job not ending.,00:12:18:20,
QZDASOINIT/418823,QZDASOINIT,418823,QUSER,BATCH,ACTIVE,TIMW,,2015-07-08,21:57:12,,,QUSRWRK,20 ,Job not ending.,00:12:40:01,
QZDASOINIT/418822,QZDASOINIT,418822,QUSER,BATCH,ACTIVE,TIMW,,2015-07-08,21:54:52,,,QUSRWRK,20 ,Job not ending.,00:12:42:21,
QZDASOINIT/418772,QZDASOINIT,418772,QUSER,BATCH,ACTIVE,PSRW,,2015-07-08,21:27:50,,,QUSRWRK,20 ,Job not ending.,00:13:09:23,
QZDASOINIT/418333,QZDASOINIT,418333,QUSER,BATCH,ACTIVE,TIMW,,2015-07-08,18:19:58,,,QUSRWRK,20 ,Job not ending.,00:16:17:15,
QZDASOINIT/418239,QZDASOINIT,418239,QUSER,BATCH,ACTIVE,TIMW,,2015-07-08,17:46:32,,,QUSRWRK,20 ,Job not ending.,00:16:50:41,
QZDASOINIT/418236,QZDASOINIT,418236,QUSER,BATCH,ACTIVE,TIMW,,2015-07-08,17:42:44,,,QUSRWRK,20 ,Job not ending.,00:16:54:29,
QZDASOINIT/418060,QZDASOINIT,418060,QUSER,BATCH,ACTIVE,TIMW,,2015-07-08,16:28:24,,,QUSRWRK,20 ,Job not ending.,00:18:08:49,
QZDASOINIT/418050,QZDASOINIT,418050,QUSER,BATCH,ACTIVE,TIMW,,2015-07-08,16:23:00,,,QUSRWRK,20 ,Job not ending.,00:18:14:13,
QZDASOINIT/418045,QZDASOINIT,418045,QUSER,BATCH,ACTIVE,TIMW,,2015-07-08,16:20:41,,,QUSRWRK,20 ,Job not ending.,00:18:16:32,
QZDASOINIT/418022,QZDASOINIT,418022,QUSER,BATCH,ACTIVE,TIMW,,2015-07-08,16:13:06,,,QUSRWRK,20 ,Job not ending.,00:18:24:07,
QZDASOINIT/417835,QZDASOINIT,417835,QUSER,BATCH,ACTIVE,TIMW,,2015-07-08,15:07:56,,,QUSRWRK,20 ,Job not ending.,00:19:29:17,
QZDASOINIT/417795,QZDASOINIT,417795,QUSER,BATCH,ACTIVE,PSRW,,2015-07-08,14:52:22,,,QUSRWRK,20 ,Job not ending.,00:19:44:51,
JFBMONITOR/416999,JFBMONITOR,416999,JFHOPER,BATCH,ACTIVE,DEQW,RLS,2015-07-08,10:58:43,,,BCHJFBH,50 ,Job not ending.,00:23:38:30,
QZDASOINIT/416088,QZDASOINIT,416088,QUSER,BATCH,ACTIVE,TIMW,,2015-07-08,05:33:20,,,QUSRWRK,20 ,Job not ending.,01:05:03:53,
QZDASOINIT/416077,QZDASOINIT,416077,QUSER,BATCH,ACTIVE,TIMW,,2015-07-08,05:29:38,,,QUSRWRK,20 ,Job not ending.,01:05:07:35,
QZDASOINIT/416046,QZDASOINIT,416046,QUSER,BATCH,ACTIVE,TIMW,,2015-07-08,05:01:19,,,QUSRWRK,20 ,Job not ending.,01:05:35:54,
QZDASOINIT/416044,QZDASOINIT,416044,QUSER,BATCH,ACTIVE,TIMW,,2015-07-08,05:01:00,,,QUSRWRK,20 ,Job not ending.,01:05:36:13,
QZDASOINIT/416043,QZDASOINIT,416043,QUSER,BATCH,ACTIVE,TIMW,,2015-07-08,05:01:00,,,QUSRWRK,20 ,Job not ending.,01:05:36:13,
QZDASOINIT/416026,QZDASOINIT,416026,QUSER,BATCH,ACTIVE,PSRW,,2015-07-08,04:51:02,,,QUSRWRK,20 ,Job not ending.,01:05:46:11,
QZDASOINIT/416022,QZDASOINIT,416022,QUSER,BATCH,ACTIVE,TIMW,,2015-07-08,04:48:08,,,QUSRWRK,20 ,Job not ending.,01:05:49:05,
QZDASOINIT/415902,QZDASOINIT,415902,QUSER,BATCH,ACTIVE,PSRW,,2015-07-08,04:11:51,,,QUSRWRK,20 ,Job not ending.,01:06:25:22,
QZDASOINIT/415901,QZDASOINIT,415901,QUSER,BATCH,ACTIVE,PSRW,,2015-07-08,04:10:23,,,QUSRWRK,20 ,Job not ending.,01:06:26:50,
QZDASOINIT/415883,QZDASOINIT,415883,QUSER,BATCH,ACTIVE,TIMW,,2015-07-08,03:59:25,,,QUSRWRK,20 ,Job not ending.,01:06:37:48,
QZDASOINIT/415876,QZDASOINIT,415876,QUSER,BATCH,ACTIVE,PSRW,,2015-07-08,03:55:07,,,QUSRWRK,20 ,Job not ending.,01:06:42:06,
QZDASOINIT/415875,QZDASOINIT,415875,QUSER,BATCH,ACTIVE,TIMA,,2015-07-08,03:55:06,,,QUSRWRK,20 ,Job not ending.,01:06:42:07,
QZDASOINIT/415871,QZDASOINIT,415871,QUSER,BATCH,ACTIVE,PSRW,,2015-07-08,03:47:55,,,QUSRWRK,20 ,Job not ending.,01:06:49:18,
QZDASOINIT/415790,QZDASOINIT,415790,QUSER,BATCH,ACTIVE,TIMW,,2015-07-08,03:03:01,,,QUSRWRK,20 ,Job not ending.,01:07:34:12,
QZDASOINIT/415793,QZDASOINIT,415793,QUSER,BATCH,ACTIVE,PSRW,,2015-07-08,03:03:01,,,QUSRWRK,20 ,Job not ending.,01:07:34:12,
QZDASOINIT/415774,QZDASOINIT,415774,QUSER,BATCH,ACTIVE,TIMW,,2015-07-08,03:02:03,,,QUSRWRK,20 ,Job not ending.,01:07:35:10,
QZDASOINIT/415664,QZDASOINIT,415664,QUSER,BATCH,ACTIVE,TIMW,,2015-07-08,02:09:06,,,QUSRWRK,20 ,Job not ending.,01:08:28:07,
QZDASOINIT/415639,QZDASOINIT,415639,QUSER,BATCH,ACTIVE,TIMW,,2015-07-08,01:56:28,,,QUSRWRK,20 ,Job not ending.,01:08:40:45,
QTFTP09743/411939,QTFTP09743,411939,QTCP,BATCH,ACTIVE,DEQW,RLS,2015-07-06,22:21:53,,,QSYSWRK,25 ,Job not ending.,02:12:15:20,
QTFTP00352/411562,QTFTP00352,411562,QTCP,BATCH,ACTIVE,DEQW,RLS,2015-07-06,19:15:34,,,QSYSWRK,25 ,Job not ending.,02:15:21:39,
QZDASOINIT/411279,QZDASOINIT,411279,QUSER,BATCH,ACTIVE,TIMA,,2015-07-06,17:41:23,,,QUSRWRK,20 ,Job not ending.,02:16:55:50,
QZDASOINIT/411231,QZDASOINIT,411231,QUSER,BATCH,ACTIVE,TIMA,,2015-07-06,17:22:11,,,QUSRWRK,20 ,Job not ending.,02:17:15:02,
QTFTP00102/409676,QTFTP00102,409676,QTCP,BATCH,ACTIVE,DEQW,RLS,2015-07-06,09:00:53,,,QSYSWRK,25 ,Job not ending.,03:01:36:20,
QTFTP00082/409376,QTFTP00082,409376,QTCP,BATCH,ACTIVE,TIMW,RLS,2015-07-06,07:30:50,,,QSYSWRK,25 ,Job not ending.,03:03:06:23,
QRWTSRVR/409113,QRWTSRVR,409113,QUSER,BATCH,ACTIVE,PSRW,,2015-07-06,06:01:32,,,QUSRWRK,20 ,Job not ending.,03:04:35:41,
QCTXDMON/409103,QCTXDMON,409103,QUSER,BATCH,ACTIVE,PSRW,,2015-07-06,06:00:01,,,QUSRWRK,20 ,Job not ending.,03:04:37:12,
QCTXDMON/409104,QCTXDMON,409104,QUSER,BATCH,ACTIVE,PSRW,,2015-07-06,06:00:01,,,QUSRWRK,20 ,Job not ending.,03:04:37:12,
QZSCSRVS/408450,QZSCSRVS,408450,QUSER,BATCH,ACTIVE,PSRW,,2015-07-06,01:51:13,,,QUSRWRK,20 ,Job not ending.,03:08:46:00,
QTFTP00022/408309,QTFTP00022,408309,QTCP,BATCH,ACTIVE,DEQW,RLS,2015-07-06,00:47:17,,,QSYSWRK,25 ,Job not ending.,03:09:49:56,
QGYSERVER/408231,QGYSERVER,408231,QUSER,BATCH,ACTIVE,DEQW,,2015-07-05,23:45:00,,,QUSRWRK,20 ,Job not ending.,03:10:52:13,
QGYSERVER/408232,QGYSERVER,408232,QUSER,BATCH,ACTIVE,DEQW,,2015-07-05,23:45:00,,,QUSRWRK,20 ,Job not ending.,03:10:52:13,
AMQZLAA0/408228,AMQZLAA0,408228,QMQM,BATCH,ACTIVE,CNDW,RLS,2015-07-05,23:42:42,,,QMQM,20 ,Job not ending.,03:10:54:31,
AMQRMPPA/408227,AMQRMPPA,408227,QMQM,BATCH,ACTIVE,SELW,RLS,2015-07-05,23:42:41,,,QMQM,35 ,Job not ending.,03:10:54:32,
RUNMQTRM/408224,RUNMQTRM,408224,QMQM,BATCH,ACTIVE,CNDW,RLS,2015-07-05,23:37:59,,,QMQM,35 ,Job not ending.,03:10:59:14,
RUNMQLSR/408222,RUNMQLSR,408222,QMQM,BATCH,ACTIVE,TIMW,RLS,2015-07-05,23:37:58,,,QMQM,35 ,Job not ending.,03:10:59:15,
AMQZMGR0/408216,AMQZMGR0,408216,QMQM,BATCH,ACTIVE,SELW,RLS,2015-07-05,23:37:57,,,QMQM,35 ,Job not ending.,03:10:59:16,
AMQZLAA0/408217,AMQZLAA0,408217,QMQM,BATCH,ACTIVE,CNDW,RLS,2015-07-05,23:37:57,,,QMQM,20 ,Job not ending.,03:10:59:16,
RUNMQCHI/408218,RUNMQCHI,408218,QMQM,BATCH,ACTIVE,CNDW,,2015-07-05,23:37:57,,,QMQM,35 ,Job not ending.,03:10:59:16,
AMQPCSEA/408219,AMQPCSEA,408219,QMQM,BATCH,ACTIVE,CNDW,,2015-07-05,23:37:57,,,QMQM,35 ,Job not ending.,03:10:59:16,
AMQFQPUB/408220,AMQFQPUB,408220,QMQM,BATCH,ACTIVE,CNDW,RLS,2015-07-05,23:37:57,,,QMQM,35 ,Job not ending.,03:10:59:16,
AMQFCXBA/408221,AMQFCXBA,408221,QMQM,BATCH,ACTIVE,CNDW,RLS,2015-07-05,23:37:57,,,QMQM,35 ,Job not ending.,03:10:59:16,
AMQZFUMA/408209,AMQZFUMA,408209,QMQM,BATCH,ACTIVE,CNDW,RLS,2015-07-05,23:37:55,,,QMQM,35 ,Job not ending.,03:10:59:18,
AMQZMUC0/408210,AMQZMUC0,408210,QMQM,BATCH,ACTIVE,CNDW,RLS,2015-07-05,23:37:55,,,QMQM,35 ,Job not ending.,03:10:59:18,
AMQALMPX/408211,AMQALMPX,408211,QMQM,BATCH,ACTIVE,CNDW,RLS,2015-07-05,23:37:55,,,QMQM,20 ,Job not ending.,03:10:59:18,
AMQZMUR0/408212,AMQZMUR0,408212,QMQM,BATCH,ACTIVE,CNDW,RLS,2015-07-05,23:37:55,,,QMQM,35 ,Job not ending.,03:10:59:18,
AMQZMUF0/408213,AMQZMUF0,408213,QMQM,BATCH,ACTIVE,CNDW,RLS,2015-07-05,23:37:55,,,QMQM,35 ,Job not ending.,03:10:59:18,
AMQRRMFA/408214,AMQRRMFA,408214,QMQM,BATCH,ACTIVE,CNDW,RLS,2015-07-05,23:37:55,,,QMQM,35 ,Job not ending.,03:10:59:18,
AMQZDMAA/408215,AMQZDMAA,408215,QMQM,BATCH,ACTIVE,CNDW,RLS,2015-07-05,23:37:55,,,QMQM,35 ,Job not ending.,03:10:59:18,
AMQZXMA0/408208,AMQZXMA0,408208,QMQM,BATCH,ACTIVE,CNDW,RLS,2015-07-05,23:37:54,,,QMQM,20 ,Job not ending.,03:10:59:19,
AMQFCXBA/408202,AMQFCXBA,408202,QMQM,BATCH,ACTIVE,CNDW,RLS,2015-07-05,23:37:12,,,QMQM,35 ,Job not ending.,03:11:00:01,
RUNMQLSR/408203,RUNMQLSR,408203,QMQM,BATCH,ACTIVE,TIMW,RLS,2015-07-05,23:37:12,,,QMQM,35 ,Job not ending.,03:11:00:01,
AMQZMGR0/408197,AMQZMGR0,408197,QMQM,BATCH,ACTIVE,SELW,RLS,2015-07-05,23:37:11,,,QMQM,35 ,Job not ending.,03:11:00:02,
AMQZLAA0/408198,AMQZLAA0,408198,QMQM,BATCH,ACTIVE,CNDW,RLS,2015-07-05,23:37:11,,,QMQM,20 ,Job not ending.,03:11:00:02,
RUNMQCHI/408199,RUNMQCHI,408199,QMQM,BATCH,ACTIVE,CNDW,,2015-07-05,23:37:11,,,QMQM,35 ,Job not ending.,03:11:00:02,
AMQPCSEA/408200,AMQPCSEA,408200,QMQM,BATCH,ACTIVE,CNDW,,2015-07-05,23:37:11,,,QMQM,35 ,Job not ending.,03:11:00:02,
AMQFQPUB/408201,AMQFQPUB,408201,QMQM,BATCH,ACTIVE,CNDW,RLS,2015-07-05,23:37:11,,,QMQM,35 ,Job not ending.,03:11:00:02,
AMQRRMFA/408195,AMQRRMFA,408195,QMQM,BATCH,ACTIVE,CNDW,RLS,2015-07-05,23:37:10,,,QMQM,35 ,Job not ending.,03:11:00:03,
AMQZDMAA/408196,AMQZDMAA,408196,QMQM,BATCH,ACTIVE,CNDW,RLS,2015-07-05,23:37:10,,,QMQM,35 ,Job not ending.,03:11:00:03,
AMQALMPX/408192,AMQALMPX,408192,QMQM,BATCH,ACTIVE,CNDW,RLS,2015-07-05,23:37:09,,,QMQM,20 ,Job not ending.,03:11:00:04,
AMQZMUR0/408193,AMQZMUR0,408193,QMQM,BATCH,ACTIVE,CNDW,RLS,2015-07-05,23:37:09,,,QMQM,35 ,Job not ending.,03:11:00:04,
AMQZMUF0/408194,AMQZMUF0,408194,QMQM,BATCH,ACTIVE,CNDW,RLS,2015-07-05,23:37:09,,,QMQM,35 ,Job not ending.,03:11:00:04,
AMQZFUMA/408190,AMQZFUMA,408190,QMQM,BATCH,ACTIVE,CNDW,RLS,2015-07-05,23:37:08,,,QMQM,35 ,Job not ending.,03:11:00:05,
AMQZMUC0/408191,AMQZMUC0,408191,QMQM,BATCH,ACTIVE,CNDW,RLS,2015-07-05,23:37:08,,,QMQM,35 ,Job not ending.,03:11:00:05,
AMQZXMA0/408188,AMQZXMA0,408188,QMQM,BATCH,ACTIVE,CNDW,RLS,2015-07-05,23:37:07,,,QMQM,20 ,Job not ending.,03:11:00:06,
AMQPCSEA/408180,AMQPCSEA,408180,QMQM,BATCH,ACTIVE,CNDW,,2015-07-05,23:36:43,,,QMQM,35 ,Job not ending.,03:11:00:30,
AMQFQPUB/408182,AMQFQPUB,408182,QMQM,BATCH,ACTIVE,CNDW,RLS,2015-07-05,23:36:43,,,QMQM,35 ,Job not ending.,03:11:00:30,
AMQFCXBA/408184,AMQFCXBA,408184,QMQM,BATCH,ACTIVE,CNDW,RLS,2015-07-05,23:36:43,,,QMQM,35 ,Job not ending.,03:11:00:30,
RUNMQLSR/408185,RUNMQLSR,408185,QMQM,BATCH,ACTIVE,TIMW,RLS,2015-07-05,23:36:43,,,QMQM,35 ,Job not ending.,03:11:00:30,
AMQZMGR0/408177,AMQZMGR0,408177,QMQM,BATCH,ACTIVE,SELW,RLS,2015-07-05,23:36:42,,,QMQM,35 ,Job not ending.,03:11:00:31,
AMQZLAA0/408178,AMQZLAA0,408178,QMQM,BATCH,ACTIVE,CNDW,RLS,2015-07-05,23:36:42,,,QMQM,20 ,Job not ending.,03:11:00:31,
RUNMQCHI/408179,RUNMQCHI,408179,QMQM,BATCH,ACTIVE,CNDW,,2015-07-05,23:36:42,,,QMQM,35 ,Job not ending.,03:11:00:31,
AMQRRMFA/408175,AMQRRMFA,408175,QMQM,BATCH,ACTIVE,CNDW,RLS,2015-07-05,23:36:40,,,QMQM,35 ,Job not ending.,03:11:00:33,
AMQZDMAA/408176,AMQZDMAA,408176,QMQM,BATCH,ACTIVE,CNDW,RLS,2015-07-05,23:36:40,,,QMQM,35 ,Job not ending.,03:11:00:33,
AMQALMPX/408171,AMQALMPX,408171,QMQM,BATCH,ACTIVE,CNDW,RLS,2015-07-05,23:36:39,,,QMQM,20 ,Job not ending.,03:11:00:34,
AMQZMUR0/408172,AMQZMUR0,408172,QMQM,BATCH,ACTIVE,CNDW,RLS,2015-07-05,23:36:39,,,QMQM,35 ,Job not ending.,03:11:00:34,
AMQZMUF0/408173,AMQZMUF0,408173,QMQM,BATCH,ACTIVE,CNDW,RLS,2015-07-05,23:36:39,,,QMQM,35 ,Job not ending.,03:11:00:34,
AMQZMUC0/408170,AMQZMUC0,408170,QMQM,BATCH,ACTIVE,CNDW,RLS,2015-07-05,23:36:38,,,QMQM,35 ,Job not ending.,03:11:00:35,
AMQZFUMA/408169,AMQZFUMA,408169,QMQM,BATCH,ACTIVE,CNDW,RLS,2015-07-05,23:36:37,,,QMQM,35 ,Job not ending.,03:11:00:36,
AMQZXMA0/408168,AMQZXMA0,408168,QMQM,BATCH,ACTIVE,CNDW,RLS,2015-07-05,23:36:36,,,QMQM,20 ,Job not ending.,03:11:00:37,
QZDASOINIT/407617,QZDASOINIT,407617,QUSER,BATCH,ACTIVE,PSRW,,2015-07-05,13:46:10,,,QUSRWRK,20 ,Job not ending.,03:20:51:03,
QZDASOINIT/407596,QZDASOINIT,407596,QUSER,BATCH,ACTIVE,PSRW,,2015-07-05,13:45:39,,,QUSRWRK,20 ,Job not ending.,03:20:51:34,
QZDASOINIT/407601,QZDASOINIT,407601,QUSER,BATCH,ACTIVE,PSRW,,2015-07-05,13:45:39,,,QUSRWRK,20 ,Job not ending.,03:20:51:34,
QZDASOINIT/407598,QZDASOINIT,407598,QUSER,BATCH,ACTIVE,PSRW,,2015-07-05,13:45:39,,,QUSRWRK,20 ,Job not ending.,03:20:51:34,
QZDASOINIT/407592,QZDASOINIT,407592,QUSER,BATCH,ACTIVE,PSRW,,2015-07-05,13:45:39,,,QUSRWRK,20 ,Job not ending.,03:20:51:34,
QZDASOINIT/407591,QZDASOINIT,407591,QUSER,BATCH,ACTIVE,PSRW,,2015-07-05,13:45:39,,,QUSRWRK,20 ,Job not ending.,03:20:51:34,
QZDASOINIT/407593,QZDASOINIT,407593,QUSER,BATCH,ACTIVE,PSRW,,2015-07-05,13:45:39,,,QUSRWRK,20 ,Job not ending.,03:20:51:34,
QZDASOINIT/407588,QZDASOINIT,407588,QUSER,BATCH,ACTIVE,PSRW,,2015-07-05,13:45:38,,,QUSRWRK,20 ,Job not ending.,03:20:51:35,
QZDASOINIT/407589,QZDASOINIT,407589,QUSER,BATCH,ACTIVE,PSRW,,2015-07-05,13:45:38,,,QUSRWRK,20 ,Job not ending.,03:20:51:35,
QZDASOINIT/407590,QZDASOINIT,407590,QUSER,BATCH,ACTIVE,PSRW,,2015-07-05,13:45:38,,,QUSRWRK,20 ,Job not ending.,03:20:51:35,
QZDASOINIT/407586,QZDASOINIT,407586,QUSER,BATCH,ACTIVE,PSRW,,2015-07-05,13:45:38,,,QUSRWRK,20 ,Job not ending.,03:20:51:35,
QZDASOINIT/407587,QZDASOINIT,407587,QUSER,BATCH,ACTIVE,PSRW,,2015-07-05,13:45:38,,,QUSRWRK,20 ,Job not ending.,03:20:51:35,
QZDASOINIT/407585,QZDASOINIT,407585,QUSER,BATCH,ACTIVE,PSRW,,2015-07-05,13:45:37,,,QUSRWRK,20 ,Job not ending.,03:20:51:36,
QZDASOINIT/407577,QZDASOINIT,407577,QUSER,BATCH,ACTIVE,PSRW,,2015-07-05,13:45:27,,,QUSRWRK,20 ,Job not ending.,03:20:51:46,
QZDASOINIT/407584,QZDASOINIT,407584,QUSER,BATCH,ACTIVE,PSRW,,2015-07-05,13:45:27,,,QUSRWRK,20 ,Job not ending.,03:20:51:46,
QZDASOINIT/407581,QZDASOINIT,407581,QUSER,BATCH,ACTIVE,PSRW,,2015-07-05,13:45:27,,,QUSRWRK,20 ,Job not ending.,03:20:51:46,
QZDASOINIT/407582,QZDASOINIT,407582,QUSER,BATCH,ACTIVE,PSRW,,2015-07-05,13:45:27,,,QUSRWRK,20 ,Job not ending.,03:20:51:46,
QZDASOINIT/407580,QZDASOINIT,407580,QUSER,BATCH,ACTIVE,PSRW,,2015-07-05,13:45:27,,,QUSRWRK,20 ,Job not ending.,03:20:51:46,
QZDASOINIT/407578,QZDASOINIT,407578,QUSER,BATCH,ACTIVE,PSRW,,2015-07-05,13:45:27,,,QUSRWRK,20 ,Job not ending.,03:20:51:46,
QZDASOINIT/407583,QZDASOINIT,407583,QUSER,BATCH,ACTIVE,PSRW,,2015-07-05,13:45:27,,,QUSRWRK,20 ,Job not ending.,03:20:51:46,
QZDASOINIT/407579,QZDASOINIT,407579,QUSER,BATCH,ACTIVE,PSRW,,2015-07-05,13:45:27,,,QUSRWRK,20 ,Job not ending.,03:20:51:46,
QZDASOINIT/407576,QZDASOINIT,407576,QUSER,BATCH,ACTIVE,PSRW,,2015-07-05,13:45:26,,,QUSRWRK,20 ,Job not ending.,03:20:51:47,
QZDASOINIT/407575,QZDASOINIT,407575,QUSER,BATCH,ACTIVE,PSRW,,2015-07-05,13:43:13,,,QUSRWRK,20 ,Job not ending.,03:20:54:00,
QZDASOINIT/407572,QZDASOINIT,407572,QUSER,BATCH,ACTIVE,PSRW,,2015-07-05,13:40:44,,,QUSRWRK,20 ,Job not ending.,03:20:56:29,
QZDASOINIT/407571,QZDASOINIT,407571,QUSER,BATCH,ACTIVE,PSRW,,2015-07-05,13:40:00,,,QUSRWRK,20 ,Job not ending.,03:20:57:13,
QZDASOINIT/407502,QZDASOINIT,407502,QUSER,BATCH,ACTIVE,PSRW,,2015-07-05,12:04:23,,,QUSRWRK,20 ,Job not ending.,03:22:32:50,
QZRCSRVS/407457,QZRCSRVS,407457,QUSER,BATCH,ACTIVE,DEQW,,2015-07-05,08:32:07,,,QUSRWRK,20 ,Job not ending.,04:02:05:06,
QZRCSRVS/407458,QZRCSRVS,407458,QUSER,BATCH,ACTIVE,DEQW,,2015-07-05,08:32:07,,,QUSRWRK,20 ,Job not ending.,04:02:05:06,
QZRCSRVS/407459,QZRCSRVS,407459,QUSER,BATCH,ACTIVE,TIMW,,2015-07-05,08:32:07,,,QUSRWRK,20 ,Job not ending.,04:02:05:06,
QZRCSRVS/407460,QZRCSRVS,407460,QUSER,BATCH,ACTIVE,DEQW,,2015-07-05,08:32:07,,,QUSRWRK,20 ,Job not ending.,04:02:05:06,
QP0ZSPWT/407448,QP0ZSPWT,407448,AMBLINOMA,BATCH,ACTIVE,TIMW,,2015-07-05,06:46:28,,,GASERVICES,25 ,Job not ending.,04:03:50:45,
QP0ZSPWT/407446,QP0ZSPWT,407446,AMBLINOMA,BATCH,ACTIVE,TIMW,,2015-07-05,06:46:28,,,GOANYWHERE,25 ,Job not ending.,04:03:50:45,
QTSMTPSRVP/407417,QTSMTPSRVP,407417,QTCP,BATCH,ACTIVE,PSRW,,2015-07-05,06:46:27,,,EMAIL,35 ,Job not ending.,04:03:50:46,
GASERVICES/407418,GASERVICES,407418,QSYS,SUBSYSTEM_MONITOR,ACTIVE,DEQW,,2015-07-05,06:46:27,,,GASERVICES,0 ,Job not ending.,04:03:50:46,
GOANYWHERE/407415,GOANYWHERE,407415,QSYS,SUBSYSTEM_MONITOR,ACTIVE,DEQW,,2015-07-05,06:46:26,,,GOANYWHERE,0 ,Job not ending.,04:03:50:47,
QSCWCHMS/407412,QSCWCHMS,407412,QUSER,BATCH,ACTIVE,DEQW,RLS,2015-07-05,06:43:10,,,QUSRWRK,25 ,Job not ending.,04:03:54:03,
QSCLICEV/407413,QSCLICEV,407413,QUSER,BATCH,ACTIVE,DEQW,RLS,2015-07-05,06:43:10,,,QUSRWRK,25 ,Job not ending.,04:03:54:03,
QZRCSRVS/407405,QZRCSRVS,407405,QUSER,BATCH,ACTIVE,DEQW,,2015-07-05,06:38:20,,,QUSRWRK,20 ,Job not ending.,04:03:58:53,
QZRCSRVS/407406,QZRCSRVS,407406,QUSER,BATCH,ACTIVE,TIMW,,2015-07-05,06:38:20,,,QUSRWRK,20 ,Job not ending.,04:03:58:53,
QSRVMON/407403,QSRVMON,407403,QSYS,BATCH,ACTIVE,,,2015-07-05,06:37:24,,,QSYSWRK,50 ,Job not ending.,04:03:59:49,
QZHQSSRV/407402,QZHQSSRV,407402,QUSER,BATCH,ACTIVE,PSRW,,2015-07-05,06:37:24,,,QUSRWRK,20 ,Job not ending.,04:03:59:49,
QZHQSSRV/407400,QZHQSSRV,407400,QUSER,BATCH,ACTIVE,PSRW,,2015-07-05,06:37:24,,,QUSRWRK,20 ,Job not ending.,04:03:59:49,
QPWFSERVSO/407395,QPWFSERVSO,407395,QUSER,BATCH,ACTIVE,PSRW,,2015-07-05,06:36:54,,,QSERVER,20 ,Job not ending.,04:04:00:19,
ADMIN2/407387,ADMIN2,407387,QLWISVR,BATCH,ACTIVE,THDW,,2015-07-05,06:36:44,,,QHTTPSVR,25 ,Job not ending.,04:04:00:29,
ADMIN3/407388,ADMIN3,407388,QLWISVR,BATCH,ACTIVE,THDW,,2015-07-05,06:36:44,,,QHTTPSVR,25 ,Job not ending.,04:04:00:29,
QZLSFILET/407377,QZLSFILET,407377,QUSER,BATCH,ACTIVE,TIMW,,2015-07-05,06:36:42,,,QSERVER,20 ,Job not ending.,04:04:00:31,
QTSMTPCLTP/407298,QTSMTPCLTP,407298,QTCP,BATCH,ACTIVE,PSRW,,2015-07-05,06:36:38,,,EMAIL,35 ,Job not ending.,04:04:00:35,
QTSMTPCLTP/407293,QTSMTPCLTP,407293,QTCP,BATCH,ACTIVE,PSRW,,2015-07-05,06:36:38,,,EMAIL,35 ,Job not ending.,04:04:00:35,
QTSMTPCLTD/407288,QTSMTPCLTD,407288,QTCP,BATCH,ACTIVE,DEQW,RLS,2015-07-05,06:36:37,,,EMAIL,35 ,Job not ending.,04:04:00:36,
QTSMTPBRCL/407289,QTSMTPBRCL,407289,QTCP,BATCH,ACTIVE,DEQW,RLS,2015-07-05,06:36:37,,,EMAIL,35 ,Job not ending.,04:04:00:36,
QTSMTPSRVP/407282,QTSMTPSRVP,407282,QTCP,BATCH,ACTIVE,PSRW,,2015-07-05,06:36:37,,,EMAIL,35 ,Job not ending.,04:04:00:36,
QTSMTPBRSR/407290,QTSMTPBRSR,407290,QTCP,BATCH,ACTIVE,DEQW,RLS,2015-07-05,06:36:37,,,EMAIL,35 ,Job not ending.,04:04:00:36,
QTOOROUTE/407255,QTOOROUTE,407255,QTCP,BATCH,ACTIVE,DEQW,RLS,2015-07-05,06:36:36,,,QSYSWRK,50 ,Job not ending.,04:04:00:37,
QZRCSRVSD/407270,QZRCSRVSD,407270,QUSER,BATCH,ACTIVE,SELW,RLS,2015-07-05,06:36:36,,,QSYSWRK,20 ,Job not ending.,04:04:00:37,
QZLSSERVER/407252,QZLSSERVER,407252,QPGMR,BATCH,ACTIVE,EVTW,RLS,2015-07-05,06:36:36,,,QSERVER,20 ,Job not ending.,04:04:00:37,
QZSOSGND/407271,QZSOSGND,407271,QUSER,BATCH,ACTIVE,SELW,RLS,2015-07-05,06:36:36,,,QSYSWRK,20 ,Job not ending.,04:04:00:37,
QTSMTPSRVD/407264,QTSMTPSRVD,407264,QTCP,BATCH,ACTIVE,SELW,RLS,2015-07-05,06:36:36,,,EMAIL,35 ,Job not ending.,04:04:00:37,
QSLPSVR/407260,QSLPSVR,407260,QSYS,BATCH,ACTIVE,THDW,RLS,2015-07-05,06:36:36,,,QSYSWRK,10 ,Job not ending.,04:04:00:37,
QZSCSRVSD/407266,QZSCSRVSD,407266,QUSER,BATCH,ACTIVE,SELW,RLS,2015-07-05,06:36:36,,,QSYSWRK,20 ,Job not ending.,04:04:00:37,
QZHQSRVD/407267,QZHQSRVD,407267,QUSER,BATCH,ACTIVE,SELW,RLS,2015-07-05,06:36:36,,,QSYSWRK,20 ,Job not ending.,04:04:00:37,
QNPSERVD/407269,QNPSERVD,407269,QUSER,BATCH,ACTIVE,SELW,RLS,2015-07-05,06:36:36,,,QSYSWRK,20 ,Job not ending.,04:04:00:37,
QZDASRVSD/407273,QZDASRVSD,407273,QUSER,BATCH,ACTIVE,SELW,RLS,2015-07-05,06:36:36,,,QSERVER,20 ,Job not ending.,04:04:00:37,
QZSOSMAPD/407274,QZSOSMAPD,407274,QUSER,BATCH,ACTIVE,SELW,RLS,2015-07-05,06:36:36,,,QSYSWRK,20 ,Job not ending.,04:04:00:37,
QSQSRVR/407234,QSQSRVR,407234,QUSER,BATCH,ACTIVE,PSRW,,2015-07-05,06:36:34,,,QSYSWRK,20 ,Job not ending.,04:04:00:39,
QSQSRVR/407228,QSQSRVR,407228,QUSER,BATCH,ACTIVE,CNDW,,2015-07-05,06:36:34,,,QSYSWRK,10 ,Job not ending.,04:04:00:39,
QZRCSRVS/407220,QZRCSRVS,407220,QUSER,BATCH,ACTIVE,TIMW,,2015-07-05,06:36:34,,,QUSRWRK,20 ,Job not ending.,04:04:00:39,
QSQSRVR/407214,QSQSRVR,407214,QUSER,BATCH,ACTIVE,CNDW,,2015-07-05,06:36:34,,,QSYSWRK,10 ,Job not ending.,04:04:00:39,
QSQSRVR/407215,QSQSRVR,407215,QUSER,BATCH,ACTIVE,CNDW,,2015-07-05,06:36:34,,,QSYSWRK,10 ,Job not ending.,04:04:00:39,
QSQSRVR/407224,QSQSRVR,407224,QUSER,BATCH,ACTIVE,PSRW,,2015-07-05,06:36:34,,,QSYSWRK,20 ,Job not ending.,04:04:00:39,
QSQSRVR/407229,QSQSRVR,407229,QUSER,BATCH,ACTIVE,CNDW,,2015-07-05,06:36:34,,,QSYSWRK,10 ,Job not ending.,04:04:00:39,
QSQSRVR/407225,QSQSRVR,407225,QUSER,BATCH,ACTIVE,CNDW,,2015-07-05,06:36:34,,,QSYSWRK,10 ,Job not ending.,04:04:00:39,
QSQSRVR/407231,QSQSRVR,407231,QUSER,BATCH,ACTIVE,CNDW,,2015-07-05,06:36:34,,,QSYSWRK,10 ,Job not ending.,04:04:00:39,
QSQSRVR/407232,QSQSRVR,407232,QUSER,BATCH,ACTIVE,CNDW,,2015-07-05,06:36:34,,,QSYSWRK,10 ,Job not ending.,04:04:00:39,
QSQSRVR/407235,QSQSRVR,407235,QUSER,BATCH,ACTIVE,PSRW,,2015-07-05,06:36:34,,,QSYSWRK,20 ,Job not ending.,04:04:00:39,
ADMIN1/407173,ADMIN1,407173,QLWISVR,BATCH,ACTIVE,THDW,,2015-07-05,06:36:31,,,QHTTPSVR,25 ,Job not ending.,04:04:00:42,
ADMIN4/407174,ADMIN4,407174,QWEBADMIN,BATCH,ACTIVE,THDW,,2015-07-05,06:36:31,,,QHTTPSVR,25 ,Job not ending.,04:04:00:42,
ADMIN5/407175,ADMIN5,407175,QLWISVR,BATCH,ACTIVE,THDW,,2015-07-05,06:36:31,,,QHTTPSVR,25 ,Job not ending.,04:04:00:42,
ADMIN/407172,ADMIN,407172,QTMHHTTP,BATCH,ACTIVE,SIGW,,2015-07-05,06:36:30,,,QHTTPSVR,25 ,Job not ending.,04:04:00:43,
ADMIN/407166,ADMIN,407166,QTMHHTTP,BATCH,ACTIVE,SIGW,,2015-07-05,06:36:29,,,QHTTPSVR,25 ,Job not ending.,04:04:00:44,
QYUSALRMD/407163,QYUSALRMD,407163,QSYS,BATCH,ACTIVE,SELW,,2015-07-05,06:36:27,,,QSYSWRK,50 ,Job not ending.,04:04:00:46,
QTLPD00059/407153,QTLPD00059,407153,QTCP,BATCH,ACTIVE,DEQW,RLS,2015-07-05,06:36:26,,,QSYSWRK,25 ,Job not ending.,04:04:00:47,
QTLPD00060/407155,QTLPD00060,407155,QTCP,BATCH,ACTIVE,TIMW,RLS,2015-07-05,06:36:26,,,QSYSWRK,25 ,Job not ending.,04:04:00:47,
QSVRMSERMD/407156,QSVRMSERMD,407156,QSYS,BATCH,ACTIVE,SELW,,2015-07-05,06:36:26,,,QSYSWRK,50 ,Job not ending.,04:04:00:47,
QYPSJSVR/407158,QYPSJSVR,407158,QYPSJSVR,BATCH,ACTIVE,SIGW,RLS,2015-07-05,06:36:26,,,QSYSWRK,10 ,Job not ending.,04:04:00:47,
ENVSBS/407159,ENVSBS,407159,QSYS,SUBSYSTEM_MONITOR,ACTIVE,DEQW,,2015-07-05,06:36:26,,,ENVSBS,0 ,Job not ending.,04:04:00:47,
QTFTP00014/407143,QTFTP00014,407143,QTCP,BATCH,ACTIVE,DEQW,RLS,2015-07-05,06:36:25,,,QSYSWRK,25 ,Job not ending.,04:04:00:48,
QHTTPSVR/407144,QHTTPSVR,407144,QSYS,SUBSYSTEM_MONITOR,ACTIVE,DEQW,,2015-07-05,06:36:25,,,QHTTPSVR,0 ,Job not ending.,04:04:00:48,
QTFTP00017/407145,QTFTP00017,407145,QTCP,BATCH,ACTIVE,DEQW,RLS,2015-07-05,06:36:25,,,QSYSWRK,25 ,Job not ending.,04:04:00:48,
ADMIN/407146,ADMIN,407146,QTMHHTTP,BATCH,ACTIVE,SIGW,RLS,2015-07-05,06:36:25,,,QHTTPSVR,25 ,Job not ending.,04:04:00:48,
QRMCCTHRMD/407147,QRMCCTHRMD,407147,QSYS,BATCH,ACTIVE,SELW,,2015-07-05,06:36:25,,,QSYSWRK,50 ,Job not ending.,04:04:00:48,
QYUSCMCRMD/407149,QYUSCMCRMD,407149,QSYS,BATCH,ACTIVE,SELW,,2015-07-05,06:36:25,,,QSYSWRK,50 ,Job not ending.,04:04:00:48,
QTFTP00042/407140,QTFTP00042,407140,QTCP,BATCH,ACTIVE,DEQW,RLS,2015-07-05,06:36:24,,,QSYSWRK,25 ,Job not ending.,04:04:00:49,
BCHJFB/407107,BCHJFB,407107,QSYS,SUBSYSTEM_MONITOR,ACTIVE,DEQW,,2015-07-05,06:36:23,,,BCHJFB,0 ,Job not ending.,04:04:00:50,
BCHJFBC/407108,BCHJFBC,407108,QSYS,SUBSYSTEM_MONITOR,ACTIVE,DEQW,,2015-07-05,06:36:23,,,BCHJFBC,0 ,Job not ending.,04:04:00:50,
BCHJFBD/407109,BCHJFBD,407109,QSYS,SUBSYSTEM_MONITOR,ACTIVE,DEQW,,2015-07-05,06:36:23,,,BCHJFBD,0 ,Job not ending.,04:04:00:50,
BCHJFBE/407110,BCHJFBE,407110,QSYS,SUBSYSTEM_MONITOR,ACTIVE,DEQW,,2015-07-05,06:36:23,,,BCHJFBE,0 ,Job not ending.,04:04:00:50,
BCHJFBF/407111,BCHJFBF,407111,QSYS,SUBSYSTEM_MONITOR,ACTIVE,DEQW,,2015-07-05,06:36:23,,,BCHJFBF,0 ,Job not ending.,04:04:00:50,
BCHJFBG/407112,BCHJFBG,407112,QSYS,SUBSYSTEM_MONITOR,ACTIVE,DEQW,,2015-07-05,06:36:23,,,BCHJFBG,0 ,Job not ending.,04:04:00:50,
BCHJFBH/407114,BCHJFBH,407114,QSYS,SUBSYSTEM_MONITOR,ACTIVE,DEQW,,2015-07-05,06:36:23,,,BCHJFBH,0 ,Job not ending.,04:04:00:50,
QTVTELNET/407115,QTVTELNET,407115,QTCP,BATCH,ACTIVE,TIMW,RLS,2015-07-05,06:36:23,,,QSYSWRK,20 ,Job not ending.,04:04:00:50,
BCHJFBI/407116,BCHJFBI,407116,QSYS,SUBSYSTEM_MONITOR,ACTIVE,DEQW,,2015-07-05,06:36:23,,,BCHJFBI,0 ,Job not ending.,04:04:00:50,
QTVDEVICE/407117,QTVDEVICE,407117,QTCP,BATCH,ACTIVE,TIMW,RLS,2015-07-05,06:36:23,,,QSYSWRK,20 ,Job not ending.,04:04:00:50,
QTVDEVICE/407118,QTVDEVICE,407118,QTCP,BATCH,ACTIVE,TIMW,RLS,2015-07-05,06:36:23,,,QSYSWRK,20 ,Job not ending.,04:04:00:50,
BCHJFB2/407119,BCHJFB2,407119,QSYS,SUBSYSTEM_MONITOR,ACTIVE,DEQW,,2015-07-05,06:36:23,,,BCHJFB2,0 ,Job not ending.,04:04:00:50,
QTVDEVICE/407120,QTVDEVICE,407120,QTCP,BATCH,ACTIVE,TIMW,RLS,2015-07-05,06:36:23,,,QSYSWRK,20 ,Job not ending.,04:04:00:50,
QRMCCTCASD/407121,QRMCCTCASD,407121,QSYS,BATCH,ACTIVE,SELW,,2015-07-05,06:36:23,,,QSYSWRK,50 ,Job not ending.,04:04:00:50,
QTVDEVICE/407122,QTVDEVICE,407122,QTCP,BATCH,ACTIVE,TIMW,RLS,2015-07-05,06:36:23,,,QSYSWRK,20 ,Job not ending.,04:04:00:50,
BCHJFB3/407123,BCHJFB3,407123,QSYS,SUBSYSTEM_MONITOR,ACTIVE,DEQW,,2015-07-05,06:36:23,,,BCHJFB3,0 ,Job not ending.,04:04:00:50,
QTVDEVICE/407124,QTVDEVICE,407124,QTCP,BATCH,ACTIVE,TIMW,RLS,2015-07-05,06:36:23,,,QSYSWRK,20 ,Job not ending.,04:04:00:50,
QTVDEVICE/407125,QTVDEVICE,407125,QTCP,BATCH,ACTIVE,TIMW,RLS,2015-07-05,06:36:23,,,QSYSWRK,20 ,Job not ending.,04:04:00:50,
BCHJFB4/407126,BCHJFB4,407126,QSYS,SUBSYSTEM_MONITOR,ACTIVE,DEQW,,2015-07-05,06:36:23,,,BCHJFB4,0 ,Job not ending.,04:04:00:50,
QTVDEVICE/407127,QTVDEVICE,407127,QTCP,BATCH,ACTIVE,TIMW,RLS,2015-07-05,06:36:23,,,QSYSWRK,20 ,Job not ending.,04:04:00:50,
QTVDEVICE/407128,QTVDEVICE,407128,QTCP,BATCH,ACTIVE,TIMW,RLS,2015-07-05,06:36:23,,,QSYSWRK,20 ,Job not ending.,04:04:00:50,
BCHJFB5/407129,BCHJFB5,407129,QSYS,SUBSYSTEM_MONITOR,ACTIVE,DEQW,,2015-07-05,06:36:23,,,BCHJFB5,0 ,Job not ending.,04:04:00:50,
BCHJFB6/407130,BCHJFB6,407130,QSYS,SUBSYSTEM_MONITOR,ACTIVE,DEQW,,2015-07-05,06:36:23,,,BCHJFB6,0 ,Job not ending.,04:04:00:50,
BCHJFB7/407131,BCHJFB7,407131,QSYS,SUBSYSTEM_MONITOR,ACTIVE,DEQW,,2015-07-05,06:36:23,,,BCHJFB7,0 ,Job not ending.,04:04:00:50,
BCHJFB8/407133,BCHJFB8,407133,QSYS,SUBSYSTEM_MONITOR,ACTIVE,DEQW,,2015-07-05,06:36:23,,,BCHJFB8,0 ,Job not ending.,04:04:00:50,
BCHJFB9/407134,BCHJFB9,407134,QSYS,SUBSYSTEM_MONITOR,ACTIVE,DEQW,,2015-07-05,06:36:23,,,BCHJFB9,0 ,Job not ending.,04:04:00:50,
QRMCCTRMCD/407135,QRMCCTRMCD,407135,QSYS,BATCH,ACTIVE,SELW,,2015-07-05,06:36:23,,,QSYSWRK,50 ,Job not ending.,04:04:00:50,
QUMECIMOM/407136,QUMECIMOM,407136,QSECOFR,BATCH,ACTIVE,SELW,RLS,2015-07-05,06:36:23,,,QSYSWRK,50 ,Job not ending.,04:04:00:50,
QRWTLSTN/407137,QRWTLSTN,407137,QUSER,BATCH,ACTIVE,SELW,RLS,2015-07-05,06:36:23,,,QSYSWRK,20 ,Job not ending.,04:04:00:50,
QZDASOINIT/407098,QZDASOINIT,407098,QUSER,BATCH,ACTIVE,TIMW,,2015-07-05,06:36:22,,,QUSRWRK,20 ,Job not ending.,04:04:00:51,
QZDASOINIT/407100,QZDASOINIT,407100,QUSER,BATCH,ACTIVE,TIMW,,2015-07-05,06:36:22,,,QUSRWRK,20 ,Job not ending.,04:04:00:51,
QZDASOINIT/407101,QZDASOINIT,407101,QUSER,BATCH,ACTIVE,TIMW,,2015-07-05,06:36:22,,,QUSRWRK,20 ,Job not ending.,04:04:00:51,
QZDASSINIT/407103,QZDASSINIT,407103,QUSER,BATCH,ACTIVE,PSRW,,2015-07-05,06:36:22,,,QUSRWRK,20 ,Job not ending.,04:04:00:51,
INTJFB/407032,INTJFB,407032,QSYS,SUBSYSTEM_MONITOR,ACTIVE,DEQW,,2015-07-05,06:36:21,,,INTJFB,0 ,Job not ending.,04:04:00:52,
INTJFBC/407039,INTJFBC,407039,QSYS,SUBSYSTEM_MONITOR,ACTIVE,DEQW,,2015-07-05,06:36:21,,,INTJFBC,0 ,Job not ending.,04:04:00:52,
INTJFBD/407042,INTJFBD,407042,QSYS,SUBSYSTEM_MONITOR,ACTIVE,DEQW,,2015-07-05,06:36:21,,,INTJFBD,0 ,Job not ending.,04:04:00:52,
INTJFBE/407047,INTJFBE,407047,QSYS,SUBSYSTEM_MONITOR,ACTIVE,DEQW,,2015-07-05,06:36:21,,,INTJFBE,0 ,Job not ending.,04:04:00:52,
INTJFBF/407049,INTJFBF,407049,QSYS,SUBSYSTEM_MONITOR,ACTIVE,DEQW,,2015-07-05,06:36:21,,,INTJFBF,0 ,Job not ending.,04:04:00:52,
INTJFBG/407052,INTJFBG,407052,QSYS,SUBSYSTEM_MONITOR,ACTIVE,DEQW,,2015-07-05,06:36:21,,,INTJFBG,0 ,Job not ending.,04:04:00:52,
INTJFBI/407059,INTJFBI,407059,QSYS,SUBSYSTEM_MONITOR,ACTIVE,DEQW,,2015-07-05,06:36:21,,,INTJFBI,0 ,Job not ending.,04:04:00:52,
INTJFB4/407068,INTJFB4,407068,QSYS,SUBSYSTEM_MONITOR,ACTIVE,DEQW,,2015-07-05,06:36:21,,,INTJFB4,0 ,Job not ending.,04:04:00:52,
INTJFB5/407073,INTJFB5,407073,QSYS,SUBSYSTEM_MONITOR,ACTIVE,DEQW,,2015-07-05,06:36:21,,,INTJFB5,0 ,Job not ending.,04:04:00:52,
INTJFB6/407077,INTJFB6,407077,QSYS,SUBSYSTEM_MONITOR,ACTIVE,DEQW,,2015-07-05,06:36:21,,,INTJFB6,0 ,Job not ending.,04:04:00:52,
INTJFB7/407080,INTJFB7,407080,QSYS,SUBSYSTEM_MONITOR,ACTIVE,DEQW,,2015-07-05,06:36:21,,,INTJFB7,0 ,Job not ending.,04:04:00:52,
INTJFB8/407083,INTJFB8,407083,QSYS,SUBSYSTEM_MONITOR,ACTIVE,DEQW,,2015-07-05,06:36:21,,,INTJFB8,0 ,Job not ending.,04:04:00:52,
INTJFB9/407085,INTJFB9,407085,QSYS,SUBSYSTEM_MONITOR,ACTIVE,DEQW,,2015-07-05,06:36:21,,,INTJFB9,0 ,Job not ending.,04:04:00:52,
QZDASOINIT/406987,QZDASOINIT,406987,QUSER,BATCH,ACTIVE,TIMW,,2015-07-05,06:36:20,,,QUSRWRK,20 ,Job not ending.,04:04:00:53,
QZDASOINIT/406989,QZDASOINIT,406989,QUSER,BATCH,ACTIVE,TIMW,,2015-07-05,06:36:20,,,QUSRWRK,20 ,Job not ending.,04:04:00:53,
QZDASOINIT/406990,QZDASOINIT,406990,QUSER,BATCH,ACTIVE,TIMW,,2015-07-05,06:36:20,,,QUSRWRK,20 ,Job not ending.,04:04:00:53,
QZDASOINIT/406993,QZDASOINIT,406993,QUSER,BATCH,ACTIVE,TIMW,,2015-07-05,06:36:20,,,QUSRWRK,20 ,Job not ending.,04:04:00:53,
QZDASOINIT/407002,QZDASOINIT,407002,QUSER,BATCH,ACTIVE,TIMW,,2015-07-05,06:36:20,,,QUSRWRK,20 ,Job not ending.,04:04:00:53,
QZDASOINIT/407003,QZDASOINIT,407003,QUSER,BATCH,ACTIVE,TIMW,,2015-07-05,06:36:20,,,QUSRWRK,20 ,Job not ending.,04:04:00:53,
QZDASOINIT/407010,QZDASOINIT,407010,QUSER,BATCH,ACTIVE,TIMW,,2015-07-05,06:36:20,,,QUSRWRK,20 ,Job not ending.,04:04:00:53,
QZDASOINIT/407011,QZDASOINIT,407011,QUSER,BATCH,ACTIVE,TIMW,,2015-07-05,06:36:20,,,QUSRWRK,20 ,Job not ending.,04:04:00:53,
QZDASOINIT/407018,QZDASOINIT,407018,QUSER,BATCH,ACTIVE,TIMW,,2015-07-05,06:36:20,,,QUSRWRK,20 ,Job not ending.,04:04:00:53,
QZDASOINIT/406964,QZDASOINIT,406964,QUSER,BATCH,ACTIVE,TIMW,,2015-07-05,06:36:19,,,QUSRWRK,20 ,Job not ending.,04:04:00:54,
QZDASOINIT/406965,QZDASOINIT,406965,QUSER,BATCH,ACTIVE,TIMW,,2015-07-05,06:36:19,,,QUSRWRK,20 ,Job not ending.,04:04:00:54,
QZDASOINIT/406971,QZDASOINIT,406971,QUSER,BATCH,ACTIVE,TIMW,,2015-07-05,06:36:19,,,QUSRWRK,20 ,Job not ending.,04:04:00:54,
QZDASOINIT/406973,QZDASOINIT,406973,QUSER,BATCH,ACTIVE,TIMW,,2015-07-05,06:36:19,,,QUSRWRK,20 ,Job not ending.,04:04:00:54,
QZDASOINIT/406975,QZDASOINIT,406975,QUSER,BATCH,ACTIVE,TIMW,,2015-07-05,06:36:19,,,QUSRWRK,20 ,Job not ending.,04:04:00:54,
QZDASOINIT/406976,QZDASOINIT,406976,QUSER,BATCH,ACTIVE,TIMW,,2015-07-05,06:36:19,,,QUSRWRK,20 ,Job not ending.,04:04:00:54,
QZDASOINIT/406978,QZDASOINIT,406978,QUSER,BATCH,ACTIVE,TIMW,,2015-07-05,06:36:19,,,QUSRWRK,20 ,Job not ending.,04:04:00:54,
QZDASOINIT/406979,QZDASOINIT,406979,QUSER,BATCH,ACTIVE,TIMW,,2015-07-05,06:36:19,,,QUSRWRK,20 ,Job not ending.,04:04:00:54,
QNMAREXECD/406900,QNMAREXECD,406900,QUSER,BATCH,ACTIVE,PSRW,,2015-07-05,06:36:18,,,QCMN,25 ,Job not ending.,04:04:00:55,
SYSOPRMON/406902,SYSOPRMON,406902,QSYSOPR,BATCH,ACTIVE,DLYW,,2015-07-05,06:36:18,,,QBATCH,50 ,Job not ending.,04:04:00:55,
QZDASOINIT/406894,QZDASOINIT,406894,QUSER,BATCH,ACTIVE,PSRW,,2015-07-05,06:36:18,,,QUSRWRK,20 ,Job not ending.,04:04:00:55,
QZDASOINIT/406895,QZDASOINIT,406895,QUSER,BATCH,ACTIVE,PSRW,,2015-07-05,06:36:18,,,QUSRWRK,20 ,Job not ending.,04:04:00:55,
QNMAPINGD/406896,QNMAPINGD,406896,QUSER,BATCH,ACTIVE,PSRW,,2015-07-05,06:36:18,,,QCMN,25 ,Job not ending.,04:04:00:55,
QZDASOINIT/406897,QZDASOINIT,406897,QUSER,BATCH,ACTIVE,PSRW,,2015-07-05,06:36:18,,,QUSRWRK,20 ,Job not ending.,04:04:00:55,
QZDSTART/406898,QZDSTART,406898,QSNADS,AUTOSTART,ACTIVE,EVTW,,2015-07-05,06:36:18,,,QSNADS,40 ,Job not ending.,04:04:00:55,
QZDASOINIT/406899,QZDASOINIT,406899,QUSER,BATCH,ACTIVE,PSRW,,2015-07-05,06:36:18,,,QUSRWRK,20 ,Job not ending.,04:04:00:55,
QZDASOINIT/406901,QZDASOINIT,406901,QUSER,BATCH,ACTIVE,PSRW,,2015-07-05,06:36:18,,,QUSRWRK,20 ,Job not ending.,04:04:00:55,
QACSOTP/406903,QACSOTP,406903,QUSER,BATCH,ACTIVE,PSRW,,2015-07-05,06:36:18,,,QCMN,20 ,Job not ending.,04:04:00:55,
QZDASOINIT/406904,QZDASOINIT,406904,QUSER,BATCH,ACTIVE,PSRW,,2015-07-05,06:36:18,,,QUSRWRK,20 ,Job not ending.,04:04:00:55,
QZDASOINIT/406905,QZDASOINIT,406905,QUSER,BATCH,ACTIVE,PSRW,,2015-07-05,06:36:18,,,QUSRWRK,20 ,Job not ending.,04:04:00:55,
QLZPSERV/406906,QLZPSERV,406906,QUSER,BATCH,ACTIVE,PSRW,,2015-07-05,06:36:18,,,QCMN,20 ,Job not ending.,04:04:00:55,
QROUTER/406908,QROUTER,406908,QSNADS,BATCH,ACTIVE,EVTW,RLS,2015-07-05,06:36:18,,,QSNADS,40 ,Job not ending.,04:04:00:55,
QSQSRVR/406910,QSQSRVR,406910,QUSER,BATCH,ACTIVE,CNDW,,2015-07-05,06:36:18,,,QSYSWRK,10 ,Job not ending.,04:04:00:55,
QNPSERVR/406912,QNPSERVR,406912,QUSER,BATCH,ACTIVE,PSRW,,2015-07-05,06:36:18,,,QCMN,20 ,Job not ending.,04:04:00:55,
QSQSRVR/406913,QSQSRVR,406913,QUSER,BATCH,ACTIVE,CNDW,,2015-07-05,06:36:18,,,QSYSWRK,1 ,Job not ending.,04:04:00:55,
QSQSRVR/406915,QSQSRVR,406915,QUSER,BATCH,ACTIVE,CNDW,,2015-07-05,06:36:18,,,QSYSWRK,10 ,Job not ending.,04:04:00:55,
QZDASOINIT/406916,QZDASOINIT,406916,QUSER,BATCH,ACTIVE,TIMA,,2015-07-05,06:36:18,,,QUSRWRK,20 ,Job not ending.,04:04:00:55,
QZRCSRVR/406917,QZRCSRVR,406917,QUSER,BATCH,ACTIVE,PSRW,,2015-07-05,06:36:18,,,QCMN,20 ,Job not ending.,04:04:00:55,
QZDASOINIT/406918,QZDASOINIT,406918,QUSER,BATCH,ACTIVE,TIMW,,2015-07-05,06:36:18,,,QUSRWRK,20 ,Job not ending.,04:04:00:55,
QZDASOINIT/406920,QZDASOINIT,406920,QUSER,BATCH,ACTIVE,TIMW,,2015-07-05,06:36:18,,,QUSRWRK,20 ,Job not ending.,04:04:00:55,
NEWSYS03/406921,NEWSYS03,406921,QSNADS,BATCH,ACTIVE,EVTW,RLS,2015-07-05,06:36:18,,,QSNADS,40 ,Job not ending.,04:04:00:55,
QMQM/406923,QMQM,406923,QSYS,SUBSYSTEM_MONITOR,ACTIVE,DEQW,,2015-07-05,06:36:18,,,QMQM,0 ,Job not ending.,04:04:00:55,
TCPIPLOC/406926,TCPIPLOC,406926,QGATE,BATCH,ACTIVE,EVTW,RLS,2015-07-05,06:36:18,,,QSNADS,40 ,Job not ending.,04:04:00:55,
QZDASOINIT/406929,QZDASOINIT,406929,QUSER,BATCH,ACTIVE,TIMW,,2015-07-05,06:36:18,,,QUSRWRK,20 ,Job not ending.,04:04:00:55,
QSQSRVR/406931,QSQSRVR,406931,QUSER,BATCH,ACTIVE,PSRW,,2015-07-05,06:36:18,,,QSYSWRK,20 ,Job not ending.,04:04:00:55,
QZDASOINIT/406932,QZDASOINIT,406932,QUSER,BATCH,ACTIVE,TIMW,,2015-07-05,06:36:18,,,QUSRWRK,20 ,Job not ending.,04:04:00:55,
QSQSRVR/406933,QSQSRVR,406933,QUSER,BATCH,ACTIVE,CNDW,,2015-07-05,06:36:18,,,QSYSWRK,1 ,Job not ending.,04:04:00:55,
QZDASOINIT/406936,QZDASOINIT,406936,QUSER,BATCH,ACTIVE,TIMW,,2015-07-05,06:36:18,,,QUSRWRK,20 ,Job not ending.,04:04:00:55,
QDIA/406940,QDIA,406940,QSNADS,BATCH,ACTIVE,EVTW,RLS,2015-07-05,06:36:18,,,QSNADS,40 ,Job not ending.,04:04:00:55,
QDIALOCAL/406942,QDIALOCAL,406942,QSNADS,BATCH,ACTIVE,EVTW,RLS,2015-07-05,06:36:18,,,QSNADS,20 ,Job not ending.,04:04:00:55,
QDIAINDUSR/406944,QDIAINDUSR,406944,QSNADS,BATCH,ACTIVE,EVTW,RLS,2015-07-05,06:36:18,,,QSNADS,50 ,Job not ending.,04:04:00:55,
QDIAHSTPRT/406946,QDIAHSTPRT,406946,QSNADS,BATCH,ACTIVE,DEQW,RLS,2015-07-05,06:36:18,,,QSNADS,50 ,Job not ending.,04:04:00:55,
QZDASOINIT/406947,QZDASOINIT,406947,QUSER,BATCH,ACTIVE,TIMW,,2015-07-05,06:36:18,,,QUSRWRK,20 ,Job not ending.,04:04:00:55,
QZDASOINIT/406949,QZDASOINIT,406949,QUSER,BATCH,ACTIVE,TIMA,,2015-07-05,06:36:18,,,QUSRWRK,20 ,Job not ending.,04:04:00:55,
QNFTP/406950,QNFTP,406950,QSNADS,BATCH,ACTIVE,EVTW,RLS,2015-07-05,06:36:18,,,QSNADS,40 ,Job not ending.,04:04:00:55,
QZDASOINIT/406841,QZDASOINIT,406841,QUSER,BATCH,ACTIVE,PSRW,,2015-07-05,06:36:17,,,QUSRWRK,20 ,Job not ending.,04:04:00:56,
QVARRCV/406833,QVARRCV,406833,QSVMSS,BATCH,ACTIVE,DEQW,RLS,2015-07-05,06:36:17,,,QSYSWRK,20 ,Job not ending.,04:04:00:56,
QZDASOINIT/406834,QZDASOINIT,406834,QUSER,BATCH,ACTIVE,PSRW,,2015-07-05,06:36:17,,,QUSRWRK,20 ,Job not ending.,04:04:00:56,
QZDASOINIT/406837,QZDASOINIT,406837,QUSER,BATCH,ACTIVE,PSRW,,2015-07-05,06:36:17,,,QUSRWRK,20 ,Job not ending.,04:04:00:56,
QZDASOINIT/406838,QZDASOINIT,406838,QUSER,BATCH,ACTIVE,PSRW,,2015-07-05,06:36:17,,,QUSRWRK,20 ,Job not ending.,04:04:00:56,
QYPSPFRCOL/406839,QYPSPFRCOL,406839,QSYS,BATCH,ACTIVE,DEQW,RLS,2015-07-05,06:36:17,,,QSYSWRK,1 ,Job not ending.,04:04:00:56,
QZDASOINIT/406840,QZDASOINIT,406840,QUSER,BATCH,ACTIVE,PSRW,,2015-07-05,06:36:17,,,QUSRWRK,20 ,Job not ending.,04:04:00:56,
QZDASOINIT/406842,QZDASOINIT,406842,QUSER,BATCH,ACTIVE,PSRW,,2015-07-05,06:36:17,,,QUSRWRK,20 ,Job not ending.,04:04:00:56,
QZDASOINIT/406843,QZDASOINIT,406843,QUSER,BATCH,ACTIVE,PSRW,,2015-07-05,06:36:17,,,QUSRWRK,20 ,Job not ending.,04:04:00:56,
QZDASOINIT/406844,QZDASOINIT,406844,QUSER,BATCH,ACTIVE,PSRW,,2015-07-05,06:36:17,,,QUSRWRK,20 ,Job not ending.,04:04:00:56,
QZDASOINIT/406845,QZDASOINIT,406845,QUSER,BATCH,ACTIVE,PSRW,,2015-07-05,06:36:17,,,QUSRWRK,20 ,Job not ending.,04:04:00:56,
QS9PALMON/406846,QS9PALMON,406846,QSRVAGT,BATCH,ACTIVE,DEQW,RLS,2015-07-05,06:36:17,,,QSYSWRK,51 ,Job not ending.,04:04:00:56,
QZDASOINIT/406847,QZDASOINIT,406847,QUSER,BATCH,ACTIVE,PSRW,,2015-07-05,06:36:17,,,QUSRWRK,20 ,Job not ending.,04:04:00:56,
QZDASOINIT/406848,QZDASOINIT,406848,QUSER,BATCH,ACTIVE,PSRW,,2015-07-05,06:36:17,,,QUSRWRK,20 ,Job not ending.,04:04:00:56,
QZDASOINIT/406849,QZDASOINIT,406849,QUSER,BATCH,ACTIVE,PSRW,,2015-07-05,06:36:17,,,QUSRWRK,20 ,Job not ending.,04:04:00:56,
QS9PRBMON/406850,QS9PRBMON,406850,QSRVAGT,BATCH,ACTIVE,DEQW,RLS,2015-07-05,06:36:17,,,QSYSWRK,51 ,Job not ending.,04:04:00:56,
QZDASOINIT/406851,QZDASOINIT,406851,QUSER,BATCH,ACTIVE,PSRW,,2015-07-05,06:36:17,,,QUSRWRK,20 ,Job not ending.,04:04:00:56,
QZDASOINIT/406852,QZDASOINIT,406852,QUSER,BATCH,ACTIVE,PSRW,,2015-07-05,06:36:17,,,QUSRWRK,20 ,Job not ending.,04:04:00:56,
QZDASOINIT/406853,QZDASOINIT,406853,QUSER,BATCH,ACTIVE,PSRW,,2015-07-05,06:36:17,,,QUSRWRK,20 ,Job not ending.,04:04:00:56,
QZDASOINIT/406854,QZDASOINIT,406854,QUSER,BATCH,ACTIVE,PSRW,,2015-07-05,06:36:17,,,QUSRWRK,20 ,Job not ending.,04:04:00:56,
QS9HDWMON/406855,QS9HDWMON,406855,QSRVAGT,BATCH,ACTIVE,DEQW,RLS,2015-07-05,06:36:17,,,QSYSWRK,51 ,Job not ending.,04:04:00:56,
QZDASOINIT/406856,QZDASOINIT,406856,QUSER,BATCH,ACTIVE,PSRW,,2015-07-05,06:36:17,,,QUSRWRK,20 ,Job not ending.,04:04:00:56,
QZDASOINIT/406857,QZDASOINIT,406857,QUSER,BATCH,ACTIVE,PSRW,,2015-07-05,06:36:17,,,QUSRWRK,20 ,Job not ending.,04:04:00:56,
QZDASOINIT/406858,QZDASOINIT,406858,QUSER,BATCH,ACTIVE,PSRW,,2015-07-05,06:36:17,,,QUSRWRK,20 ,Job not ending.,04:04:00:56,
QZDASOINIT/406859,QZDASOINIT,406859,QUSER,BATCH,ACTIVE,PSRW,,2015-07-05,06:36:17,,,QUSRWRK,20 ,Job not ending.,04:04:00:56,
QZDASOINIT/406860,QZDASOINIT,406860,QUSER,BATCH,ACTIVE,PSRW,,2015-07-05,06:36:17,,,QUSRWRK,20 ,Job not ending.,04:04:00:56,
QS9SFWMON/406861,QS9SFWMON,406861,QSRVAGT,BATCH,ACTIVE,DEQW,RLS,2015-07-05,06:36:17,,,QSYSWRK,51 ,Job not ending.,04:04:00:56,
QZDASOINIT/406862,QZDASOINIT,406862,QUSER,BATCH,ACTIVE,PSRW,,2015-07-05,06:36:17,,,QUSRWRK,20 ,Job not ending.,04:04:00:56,
QZDASOINIT/406863,QZDASOINIT,406863,QUSER,BATCH,ACTIVE,PSRW,,2015-07-05,06:36:17,,,QUSRWRK,20 ,Job not ending.,04:04:00:56,
QZDASOINIT/406864,QZDASOINIT,406864,QUSER,BATCH,ACTIVE,PSRW,,2015-07-05,06:36:17,,,QUSRWRK,20 ,Job not ending.,04:04:00:56,
QZDASOINIT/406865,QZDASOINIT,406865,QUSER,BATCH,ACTIVE,PSRW,,2015-07-05,06:36:17,,,QUSRWRK,20 ,Job not ending.,04:04:00:56,
QS9PRBSND/406866,QS9PRBSND,406866,QSRVAGT,BATCH,ACTIVE,DEQW,RLS,2015-07-05,06:36:17,,,QSYSWRK,51 ,Job not ending.,04:04:00:56,
QZDASOINIT/406867,QZDASOINIT,406867,QUSER,BATCH,ACTIVE,PSRW,,2015-07-05,06:36:17,,,QUSRWRK,20 ,Job not ending.,04:04:00:56,
QZDASOINIT/406868,QZDASOINIT,406868,QUSER,BATCH,ACTIVE,PSRW,,2015-07-05,06:36:17,,,QUSRWRK,20 ,Job not ending.,04:04:00:56,
QZDASOINIT/406869,QZDASOINIT,406869,QUSER,BATCH,ACTIVE,PSRW,,2015-07-05,06:36:17,,,QUSRWRK,20 ,Job not ending.,04:04:00:56,
QZDASOINIT/406870,QZDASOINIT,406870,QUSER,BATCH,ACTIVE,PSRW,,2015-07-05,06:36:17,,,QUSRWRK,20 ,Job not ending.,04:04:00:56,
QZDASOINIT/406871,QZDASOINIT,406871,QUSER,BATCH,ACTIVE,PSRW,,2015-07-05,06:36:17,,,QUSRWRK,20 ,Job not ending.,04:04:00:56,
QZDASOINIT/406872,QZDASOINIT,406872,QUSER,BATCH,ACTIVE,PSRW,,2015-07-05,06:36:17,,,QUSRWRK,20 ,Job not ending.,04:04:00:56,
QZDASOINIT/406873,QZDASOINIT,406873,QUSER,BATCH,ACTIVE,PSRW,,2015-07-05,06:36:17,,,QUSRWRK,20 ,Job not ending.,04:04:00:56,
QZDASOINIT/406874,QZDASOINIT,406874,QUSER,BATCH,ACTIVE,PSRW,,2015-07-05,06:36:17,,,QUSRWRK,20 ,Job not ending.,04:04:00:56,
QZDASOINIT/406875,QZDASOINIT,406875,QUSER,BATCH,ACTIVE,PSRW,,2015-07-05,06:36:17,,,QUSRWRK,20 ,Job not ending.,04:04:00:56,
QZDASOINIT/406876,QZDASOINIT,406876,QUSER,BATCH,ACTIVE,PSRW,,2015-07-05,06:36:17,,,QUSRWRK,20 ,Job not ending.,04:04:00:56,
QZDASOINIT/406877,QZDASOINIT,406877,QUSER,BATCH,ACTIVE,PSRW,,2015-07-05,06:36:17,,,QUSRWRK,20 ,Job not ending.,04:04:00:56,
QZDASOINIT/406878,QZDASOINIT,406878,QUSER,BATCH,ACTIVE,PSRW,,2015-07-05,06:36:17,,,QUSRWRK,20 ,Job not ending.,04:04:00:56,
QZDASOINIT/406879,QZDASOINIT,406879,QUSER,BATCH,ACTIVE,PSRW,,2015-07-05,06:36:17,,,QUSRWRK,20 ,Job not ending.,04:04:00:56,
QZDASOINIT/406880,QZDASOINIT,406880,QUSER,BATCH,ACTIVE,PSRW,,2015-07-05,06:36:17,,,QUSRWRK,20 ,Job not ending.,04:04:00:56,
QINTER/406881,QINTER,406881,QSYS,SUBSYSTEM_MONITOR,ACTIVE,DEQW,,2015-07-05,06:36:17,,,QINTER,0 ,Job not ending.,04:04:00:56,
QBATCH/406882,QBATCH,406882,QSYS,SUBSYSTEM_MONITOR,ACTIVE,DEQW,,2015-07-05,06:36:17,,,QBATCH,0 ,Job not ending.,04:04:00:56,
QZDASOINIT/406883,QZDASOINIT,406883,QUSER,BATCH,ACTIVE,PSRW,,2015-07-05,06:36:17,,,QUSRWRK,20 ,Job not ending.,04:04:00:56,
QAPPCTCP/406884,QAPPCTCP,406884,QSYS,BATCH,ACTIVE,TIMW,RLS,2015-07-05,06:36:17,,,QSYSWRK,20 ,Job not ending.,04:04:00:56,
QCMN/406885,QCMN,406885,QSYS,SUBSYSTEM_MONITOR,ACTIVE,DEQW,,2015-07-05,06:36:17,,,QCMN,0 ,Job not ending.,04:04:00:56,
QZDASOINIT/406886,QZDASOINIT,406886,QUSER,BATCH,ACTIVE,PSRW,,2015-07-05,06:36:17,,,QUSRWRK,20 ,Job not ending.,04:04:00:56,
QSNADS/406887,QSNADS,406887,QSYS,SUBSYSTEM_MONITOR,ACTIVE,DEQW,,2015-07-05,06:36:17,,,QSNADS,0 ,Job not ending.,04:04:00:56,
QZDASOINIT/406888,QZDASOINIT,406888,QUSER,BATCH,ACTIVE,PSRW,,2015-07-05,06:36:17,,,QUSRWRK,20 ,Job not ending.,04:04:00:56,
EMAIL/406889,EMAIL,406889,QSYS,SUBSYSTEM_MONITOR,ACTIVE,DEQW,,2015-07-05,06:36:17,,,EMAIL,0 ,Job not ending.,04:04:00:56,
QZDASOINIT/406890,QZDASOINIT,406890,QUSER,BATCH,ACTIVE,PSRW,,2015-07-05,06:36:17,,,QUSRWRK,20 ,Job not ending.,04:04:00:56,
QZDASOINIT/406891,QZDASOINIT,406891,QUSER,BATCH,ACTIVE,PSRW,,2015-07-05,06:36:17,,,QUSRWRK,20 ,Job not ending.,04:04:00:56,
QZDASOINIT/406892,QZDASOINIT,406892,QUSER,BATCH,ACTIVE,PSRW,,2015-07-05,06:36:17,,,QUSRWRK,20 ,Job not ending.,04:04:00:56,
QZDASOINIT/406893,QZDASOINIT,406893,QUSER,BATCH,ACTIVE,PSRW,,2015-07-05,06:36:17,,,QUSRWRK,20 ,Job not ending.,04:04:00:56,
QZDASOINIT/406770,QZDASOINIT,406770,QUSER,BATCH,ACTIVE,PSRW,,2015-07-05,06:36:16,,,QUSRWRK,20 ,Job not ending.,04:04:00:57,
QZDASOINIT/406771,QZDASOINIT,406771,QUSER,BATCH,ACTIVE,PSRW,,2015-07-05,06:36:16,,,QUSRWRK,20 ,Job not ending.,04:04:00:57,
QZDASOINIT/406772,QZDASOINIT,406772,QUSER,BATCH,ACTIVE,PSRW,,2015-07-05,06:36:16,,,QUSRWRK,20 ,Job not ending.,04:04:00:57,
QZDASOINIT/406773,QZDASOINIT,406773,QUSER,BATCH,ACTIVE,PSRW,,2015-07-05,06:36:16,,,QUSRWRK,20 ,Job not ending.,04:04:00:57,
QZDASOINIT/406774,QZDASOINIT,406774,QUSER,BATCH,ACTIVE,PSRW,,2015-07-05,06:36:16,,,QUSRWRK,20 ,Job not ending.,04:04:00:57,
QZDASOINIT/406775,QZDASOINIT,406775,QUSER,BATCH,ACTIVE,PSRW,,2015-07-05,06:36:16,,,QUSRWRK,20 ,Job not ending.,04:04:00:57,
QZDASOINIT/406776,QZDASOINIT,406776,QUSER,BATCH,ACTIVE,PSRW,,2015-07-05,06:36:16,,,QUSRWRK,20 ,Job not ending.,04:04:00:57,
QZDASOINIT/406777,QZDASOINIT,406777,QUSER,BATCH,ACTIVE,PSRW,,2015-07-05,06:36:16,,,QUSRWRK,20 ,Job not ending.,04:04:00:57,
QZDASOINIT/406778,QZDASOINIT,406778,QUSER,BATCH,ACTIVE,PSRW,,2015-07-05,06:36:16,,,QUSRWRK,20 ,Job not ending.,04:04:00:57,
QZDASOINIT/406779,QZDASOINIT,406779,QUSER,BATCH,ACTIVE,PSRW,,2015-07-05,06:36:16,,,QUSRWRK,20 ,Job not ending.,04:04:00:57,
QZDASOINIT/406780,QZDASOINIT,406780,QUSER,BATCH,ACTIVE,PSRW,,2015-07-05,06:36:16,,,QUSRWRK,20 ,Job not ending.,04:04:00:57,
QNEOSOEM/406782,QNEOSOEM,406782,QUSER,BATCH,ACTIVE,TIMW,RLS,2015-07-05,06:36:16,,,QSYSWRK,50 ,Job not ending.,04:04:00:57,
QPASVRS/406783,QPASVRS,406783,QSYS,BATCH,ACTIVE,TIMW,RLS,2015-07-05,06:36:16,,,QSYSWRK,30 ,Job not ending.,04:04:00:57,
QSRVMON/406784,QSRVMON,406784,QSYS,BATCH,ACTIVE,TIMW,RLS,2015-07-05,06:36:16,,,QSYSWRK,50 ,Job not ending.,04:04:00:57,
QPWFSERVSD/406785,QPWFSERVSD,406785,QUSER,BATCH,ACTIVE,SELW,RLS,2015-07-05,06:36:16,,,QSERVER,20 ,Job not ending.,04:04:00:57,
Q1PSCH/406786,Q1PSCH,406786,QPM400,BATCH,ACTIVE,DLYW,RLS,2015-07-05,06:36:16,,,QSYSWRK,50 ,Job not ending.,04:04:00:57,
QMSF/406787,QMSF,406787,QMSF,BATCH,ACTIVE,DEQW,RLS,2015-07-05,06:36:16,,,QSYSWRK,35 ,Job not ending.,04:04:00:57,
QPASVRS/406788,QPASVRS,406788,QSYS,BATCH,ACTIVE,TIMW,RLS,2015-07-05,06:36:16,,,QSYSWRK,30 ,Job not ending.,04:04:00:57,
QNEOSOEM/406789,QNEOSOEM,406789,QUSER,BATCH,ACTIVE,TIMW,RLS,2015-07-05,06:36:16,,,QSYSWRK,50 ,Job not ending.,04:04:00:57,
QZDASOINIT/406790,QZDASOINIT,406790,QUSER,BATCH,ACTIVE,PSRW,,2015-07-05,06:36:16,,,QUSRWRK,20 ,Job not ending.,04:04:00:57,
QPASVRS/406791,QPASVRS,406791,QSYS,BATCH,ACTIVE,TIMW,RLS,2015-07-05,06:36:16,,,QSYSWRK,30 ,Job not ending.,04:04:00:57,
QPASVRS/406792,QPASVRS,406792,QSYS,BATCH,ACTIVE,TIMW,RLS,2015-07-05,06:36:16,,,QSYSWRK,30 ,Job not ending.,04:04:00:57,
QZDASOINIT/406793,QZDASOINIT,406793,QUSER,BATCH,ACTIVE,PSRW,,2015-07-05,06:36:16,,,QUSRWRK,20 ,Job not ending.,04:04:00:57,
QPASVRS/406794,QPASVRS,406794,QSYS,BATCH,ACTIVE,TIMW,RLS,2015-07-05,06:36:16,,,QSYSWRK,30 ,Job not ending.,04:04:00:57,
QZDASOINIT/406795,QZDASOINIT,406795,QUSER,BATCH,ACTIVE,PSRW,,2015-07-05,06:36:16,,,QUSRWRK,20 ,Job not ending.,04:04:00:57,
QPASVRS/406796,QPASVRS,406796,QSYS,BATCH,ACTIVE,TIMW,RLS,2015-07-05,06:36:16,,,QSYSWRK,30 ,Job not ending.,04:04:00:57,
QPASVRS/406797,QPASVRS,406797,QSYS,BATCH,ACTIVE,TIMW,RLS,2015-07-05,06:36:16,,,QSYSWRK,30 ,Job not ending.,04:04:00:57,
QZDASOINIT/406798,QZDASOINIT,406798,QUSER,BATCH,ACTIVE,PSRW,,2015-07-05,06:36:16,,,QUSRWRK,20 ,Job not ending.,04:04:00:57,
QPASVRS/406799,QPASVRS,406799,QSYS,BATCH,ACTIVE,TIMW,RLS,2015-07-05,06:36:16,,,QSYSWRK,30 ,Job not ending.,04:04:00:57,
QZDASOINIT/406800,QZDASOINIT,406800,QUSER,BATCH,ACTIVE,PSRW,,2015-07-05,06:36:16,,,QUSRWRK,20 ,Job not ending.,04:04:00:57,
QZDASOINIT/406801,QZDASOINIT,406801,QUSER,BATCH,ACTIVE,PSRW,,2015-07-05,06:36:16,,,QUSRWRK,20 ,Job not ending.,04:04:00:57,
QZDASOINIT/406802,QZDASOINIT,406802,QUSER,BATCH,ACTIVE,PSRW,,2015-07-05,06:36:16,,,QUSRWRK,20 ,Job not ending.,04:04:00:57,
QZDASOINIT/406803,QZDASOINIT,406803,QUSER,BATCH,ACTIVE,PSRW,,2015-07-05,06:36:16,,,QUSRWRK,20 ,Job not ending.,04:04:00:57,
QZDASOINIT/406804,QZDASOINIT,406804,QUSER,BATCH,ACTIVE,PSRW,,2015-07-05,06:36:16,,,QUSRWRK,20 ,Job not ending.,04:04:00:57,
QZDASOINIT/406805,QZDASOINIT,406805,QUSER,BATCH,ACTIVE,PSRW,,2015-07-05,06:36:16,,,QUSRWRK,20 ,Job not ending.,04:04:00:57,
QZDASOINIT/406806,QZDASOINIT,406806,QUSER,BATCH,ACTIVE,PSRW,,2015-07-05,06:36:16,,,QUSRWRK,20 ,Job not ending.,04:04:00:57,
QZDASOINIT/406807,QZDASOINIT,406807,QUSER,BATCH,ACTIVE,PSRW,,2015-07-05,06:36:16,,,QUSRWRK,20 ,Job not ending.,04:04:00:57,
QZDASOINIT/406808,QZDASOINIT,406808,QUSER,BATCH,ACTIVE,PSRW,,2015-07-05,06:36:16,,,QUSRWRK,20 ,Job not ending.,04:04:00:57,
QZDASOINIT/406809,QZDASOINIT,406809,QUSER,BATCH,ACTIVE,PSRW,,2015-07-05,06:36:16,,,QUSRWRK,20 ,Job not ending.,04:04:00:57,
QCQRCVDS/406810,QCQRCVDS,406810,QSVMSS,BATCH,ACTIVE,MSGW,RLS,2015-07-05,06:36:16,,,QSYSWRK,20 ,Job not ending.,04:04:00:57,
QZDASOINIT/419795,QZDASOINIT,419795,QUSER,BATCH,ACTIVE,TIMW,,2015-07-09,07:45:16,,,QUSRWRK,20 ,Job not ending.,00:02:51:57,
INTRAPOSN/419805,INTRAPOSN,419805,JFHOPER,BATCH,ACTIVE,DLYW,RLS,2015-07-09,07:57:11,,,BCHJFBH,50 ,Job not ending.,00:02:40:02,
INTRATRADE/419806,INTRATRADE,419806,JFHOPER,BATCH,ACTIVE,DLYW,RLS,2015-07-09,07:57:11,,,BCHJFBH,50 ,Job not ending.,00:02:40:02,
INTJFBH/419807,INTJFBH,419807,QSYS,SUBSYSTEM_MONITOR,ACTIVE,DEQW,,2015-07-09,07:57:11,,,INTJFBH,0 ,Job not ending.,00:02:40:02,
SPECTRUM/419808,SPECTRUM,419808,JFHOPER,BATCH,ACTIVE,CNDW,RLS,2015-07-09,07:57:11,,,BCHJFBH,25 ,Job not ending.,00:02:40:02,
TRNAUD/419803,TRNAUD,419803,JFHOPER,BATCH,ACTIVE,DLYW,RLS,2015-07-09,07:57:10,,,BCHJFBH,50 ,Job not ending.,00:02:40:03,
DLFRCVC/419804,DLFRCVC,419804,JFHOPER,BATCH,ACTIVE,DLYW,RLS,2015-07-09,07:57:10,,,BCHJFBH,50 ,Job not ending.,00:02:40:03,
QZDASOINIT/419809,QZDASOINIT,419809,QUSER,BATCH,ACTIVE,TIMA,,2015-07-09,07:57:22,,,QUSRWRK,20 ,Job not ending.,00:02:39:51,
RUNMQCHL/419811,RUNMQCHL,419811,QMQM,BATCH,ACTIVE,CNDW,RLS,2015-07-09,07:57:46,,,QMQM,35 ,Job not ending.,00:02:39:27,
TRINITY/419814,TRINITY,419814,JFHOPER,BATCH,ACTIVE,CNDW,RLS,2015-07-09,07:58:11,,,BCHJFBH,25 ,Job not ending.,00:02:39:02,
BMTS/419816,BMTS,419816,JFHOPER,BATCH,ACTIVE,CNDW,RLS,2015-07-09,07:59:11,,,BCHJFBH,25 ,Job not ending.,00:02:38:02,
CVEMLOAD/419823,CVEMLOAD,419823,JFHOPER,BATCH,ACTIVE,CNDW,RLS,2015-07-09,08:00:11,,,BCHJFBH,25 ,Job not ending.,00:02:37:02,
CVNALOAD/419833,CVNALOAD,419833,JFHOPER,BATCH,ACTIVE,CNDW,RLS,2015-07-09,08:01:11,,,BCHJFBH,25 ,Job not ending.,00:02:36:02,
CVAPLOAD/419834,CVAPLOAD,419834,JFHOPER,BATCH,ACTIVE,CNDW,RLS,2015-07-09,08:02:11,,,BCHJFBH,25 ,Job not ending.,00:02:35:02,
QZDASOINIT/419839,QZDASOINIT,419839,QUSER,BATCH,ACTIVE,TIMW,,2015-07-09,08:10:55,,,QUSRWRK,20 ,Job not ending.,00:02:26:18,
QZDASOINIT/419852,QZDASOINIT,419852,QUSER,BATCH,ACTIVE,TIMW,,2015-07-09,08:19:57,,,QUSRWRK,20 ,Job not ending.,00:02:17:16,
QZDASOINIT/419853,QZDASOINIT,419853,QUSER,BATCH,ACTIVE,TIMW,,2015-07-09,08:21:04,,,QUSRWRK,20 ,Job not ending.,00:02:16:09,
QZDASOINIT/419915,QZDASOINIT,419915,QUSER,BATCH,ACTIVE,TIMW,,2015-07-09,08:29:59,,,QUSRWRK,20 ,Job not ending.,00:02:07:14,
QZDASOINIT/419925,QZDASOINIT,419925,QUSER,BATCH,ACTIVE,TIMW,,2015-07-09,08:33:41,,,QUSRWRK,20 ,Job not ending.,00:02:03:32,
QZDASOINIT/419929,QZDASOINIT,419929,QUSER,BATCH,ACTIVE,TIMW,,2015-07-09,08:34:20,,,QUSRWRK,20 ,Job not ending.,00:02:02:53,
AISHMAELB1/419933,AISHMAELB1,419933,JF3AISHM,INTERACTIVE,ACTIVE,DSPW,RLS,2015-07-09,08:36:25,,,INTJFB3,20 ,Job not ending.,00:02:00:48,
QPADEV000B/419940,QPADEV000B,419940,JFHADMIN,INTERACTIVE,ACTIVE,DSPW,RLS,2015-07-09,08:39:30,,,INTJFBH,20 ,Job not ending.,00:01:57:43,
GTMAINC/419951,GTMAINC,419951,JFHOPER,BATCH,ACTIVE,DLYW,RLS,2015-07-09,08:45:00,,,BCHJFBH,50 ,Job not ending.,00:01:52:13,
QZDASOINIT/419987,QZDASOINIT,419987,QUSER,BATCH,ACTIVE,TIMW,,2015-07-09,08:49:46,,,QUSRWRK,20 ,Job not ending.,00:01:47:27,
HBMAINC/419997,HBMAINC,419997,JFHOPER,BATCH,ACTIVE,DLYW,RLS,2015-07-09,08:53:04,,,BCHJFBH,50 ,Job not ending.,00:01:44:09,
GMITOBMTS/419996,GMITOBMTS,419996,JFHOPER,BATCH,ACTIVE,DLYW,RLS,2015-07-09,08:53:03,,,BCHJFBH,50 ,Job not ending.,00:01:44:10,
JDSINTRA/419994,JDSINTRA,419994,JFHOPER,BATCH,ACTIVE,DLYW,RLS,2015-07-09,08:53:01,,,BCHJFBH,50 ,Job not ending.,00:01:44:12,
QZDASOINIT/420015,QZDASOINIT,420015,QUSER,BATCH,ACTIVE,PSRW,,2015-07-09,08:55:23,,,QUSRWRK,20 ,Job not ending.,00:01:41:50,
QZDASOINIT/420014,QZDASOINIT,420014,QUSER,BATCH,ACTIVE,TIMW,,2015-07-09,08:55:11,,,QUSRWRK,20 ,Job not ending.,00:01:42:02,
QZDASOINIT/420022,QZDASOINIT,420022,QUSER,BATCH,ACTIVE,TIMW,,2015-07-09,08:59:46,,,QUSRWRK,20 ,Job not ending.,00:01:37:27,
QZDASOINIT/420036,QZDASOINIT,420036,QUSER,BATCH,ACTIVE,TIMA,,2015-07-09,09:01:11,,,QUSRWRK,20 ,Job not ending.,00:01:36:02,
QZDASOINIT/420047,QZDASOINIT,420047,QUSER,BATCH,ACTIVE,TIMW,,2015-07-09,09:07:42,,,QUSRWRK,20 ,Job not ending.,00:01:29:31,
QZDASOINIT/406811,QZDASOINIT,406811,QUSER,BATCH,ACTIVE,PSRW,,2015-07-05,06:36:16,,,QUSRWRK,20 ,Job not ending.,04:04:00:57,
QZDASOINIT/420078,QZDASOINIT,420078,QUSER,BATCH,ACTIVE,TIMW,,2015-07-09,09:13:27,,,QUSRWRK,20 ,Job not ending.,00:01:23:46,
QZDASOINIT/420105,QZDASOINIT,420105,QUSER,BATCH,ACTIVE,TIMW,,2015-07-09,09:19:41,,,QUSRWRK,20 ,Job not ending.,00:01:17:32,
QZDASOINIT/420107,QZDASOINIT,420107,QUSER,BATCH,ACTIVE,TIMW,,2015-07-09,09:19:55,,,QUSRWRK,20 ,Job not ending.,00:01:17:18,
QZDASOINIT/420106,QZDASOINIT,420106,QUSER,BATCH,ACTIVE,TIMW,,2015-07-09,09:19:48,,,QUSRWRK,20 ,Job not ending.,00:01:17:25,
QZDASOINIT/420111,QZDASOINIT,420111,QUSER,BATCH,ACTIVE,TIMW,,2015-07-09,09:21:48,,,QUSRWRK,20 ,Job not ending.,00:01:15:25,
QZRCSRVS/420119,QZRCSRVS,420119,QUSER,BATCH,ACTIVE,TIMW,,2015-07-09,09:22:38,,,QUSRWRK,20 ,Job not ending.,00:01:14:35,
QZDASOINIT/420118,QZDASOINIT,420118,QUSER,BATCH,ACTIVE,TIMW,,2015-07-09,09:22:37,,,QUSRWRK,20 ,Job not ending.,00:01:14:36,
QGYSERVER/420124,QGYSERVER,420124,QUSER,BATCH,ACTIVE,DEQW,,2015-07-09,09:26:52,,,QUSRWRK,20 ,Job not ending.,00:01:10:21,
QZDASOINIT/420132,QZDASOINIT,420132,QUSER,BATCH,ACTIVE,TIMW,,2015-07-09,09:29:19,,,QUSRWRK,20 ,Job not ending.,00:01:07:54,
QPADEV0004/420131,QPADEV0004,420131,JFFRSOMBIL,INTERACTIVE,ACTIVE,DSPW,RLS,2015-07-09,09:29:15,,,INTJFBF,20 ,Job not ending.,00:01:07:58,
QZDASOINIT/420140,QZDASOINIT,420140,QUSER,BATCH,ACTIVE,RUN,,2015-07-09,09:30:23,,,QUSRWRK,20 ,Job not ending.,00:01:06:50,
QZDASOINIT/420141,QZDASOINIT,420141,QUSER,BATCH,ACTIVE,PSRW,,2015-07-09,09:30:47,,,QUSRWRK,20 ,Job not ending.,00:01:06:26,
QZDASOINIT/420153,QZDASOINIT,420153,QUSER,BATCH,ACTIVE,TIMW,,2015-07-09,09:33:49,,,QUSRWRK,20 ,Job not ending.,00:01:03:24,
QZDASOINIT/420169,QZDASOINIT,420169,QUSER,BATCH,ACTIVE,TIMW,,2015-07-09,09:39:08,,,QUSRWRK,20 ,Job not ending.,00:00:58:05,
QPADEV0003/420190,QPADEV0003,420190,JFHRSOMBIL,INTERACTIVE,ACTIVE,DSPW,RLS,2015-07-09,09:50:43,,,INTJFBH,20 ,Job not ending.,00:00:46:30,
JDSMEMO/420194,JDSMEMO,420194,JFHOPER,BATCH,ACTIVE,RUN,RLS,2015-07-09,09:53:03,,,BCHJFBH,50 ,Job not ending.,00:00:44:10,
QZDASOINIT/420195,QZDASOINIT,420195,QUSER,BATCH,ACTIVE,PSRW,,2015-07-09,09:53:20,,,QUSRWRK,20 ,Job not ending.,00:00:43:53,
QZDASOINIT/420200,QZDASOINIT,420200,QUSER,BATCH,ACTIVE,PSRW,,2015-07-09,09:56:48,,,QUSRWRK,20 ,Job not ending.,00:00:40:25,
QZDASOINIT/406812,QZDASOINIT,406812,QUSER,BATCH,ACTIVE,PSRW,,2015-07-05,06:36:16,,,QUSRWRK,20 ,Job not ending.,04:04:00:57,
QZDASOINIT/406813,QZDASOINIT,406813,QUSER,BATCH,ACTIVE,PSRW,,2015-07-05,06:36:16,,,QUSRWRK,20 ,Job not ending.,04:04:00:57,
QZDASOINIT/420221,QZDASOINIT,420221,QUSER,BATCH,ACTIVE,PSRW,,2015-07-09,10:03:28,,,QUSRWRK,20 ,Job not ending.,00:00:33:45,
QZDASOINIT/420222,QZDASOINIT,420222,QUSER,BATCH,ACTIVE,PSRW,,2015-07-09,10:04:13,,,QUSRWRK,20 ,Job not ending.,00:00:33:00,
QZDASOINIT/420224,QZDASOINIT,420224,QUSER,BATCH,ACTIVE,PSRW,,2015-07-09,10:05:09,,,QUSRWRK,20 ,Job not ending.,00:00:32:04,
QZDASOINIT/420229,QZDASOINIT,420229,QUSER,BATCH,ACTIVE,PSRW,,2015-07-09,10:09:27,,,QUSRWRK,20 ,Job not ending.,00:00:27:46,
QZDASOINIT/420230,QZDASOINIT,420230,QUSER,BATCH,ACTIVE,PSRW,,2015-07-09,10:10:57,,,QUSRWRK,20 ,Job not ending.,00:00:26:16,
QZDASOINIT/420240,QZDASOINIT,420240,QUSER,BATCH,ACTIVE,PSRW,,2015-07-09,10:14:17,,,QUSRWRK,20 ,Job not ending.,00:00:22:56,
QZDASOINIT/420245,QZDASOINIT,420245,QUSER,BATCH,ACTIVE,PSRW,,2015-07-09,10:14:44,,,QUSRWRK,20 ,Job not ending.,00:00:22:29,
QZDASOINIT/420246,QZDASOINIT,420246,QUSER,BATCH,ACTIVE,TIMW,,2015-07-09,10:16:27,,,QUSRWRK,20 ,Job not ending.,00:00:20:46,
QZDASOINIT/420247,QZDASOINIT,420247,QUSER,BATCH,ACTIVE,PSRW,,2015-07-09,10:17:11,,,QUSRWRK,20 ,Job not ending.,00:00:20:02,
QZSOSIGN/420251,QZSOSIGN,420251,QUSER,BATCH,ACTIVE,PSRW,,2015-07-09,10:18:57,,,QUSRWRK,20 ,Job not ending.,00:00:18:16,
QZDASOINIT/420253,QZDASOINIT,420253,QUSER,BATCH,ACTIVE,PSRW,,2015-07-09,10:19:21,,,QUSRWRK,20 ,Job not ending.,00:00:17:52,
QZDASOINIT/420256,QZDASOINIT,420256,QUSER,BATCH,ACTIVE,TIMW,,2015-07-09,10:20:48,,,QUSRWRK,20 ,Job not ending.,00:00:16:25,
QZDASOINIT/420255,QZDASOINIT,420255,QUSER,BATCH,ACTIVE,PSRW,,2015-07-09,10:20:46,,,QUSRWRK,20 ,Job not ending.,00:00:16:27,
QZDASOINIT/420287,QZDASOINIT,420287,QUSER,BATCH,ACTIVE,PSRW,,2015-07-09,10:21:46,,,QUSRWRK,20 ,Job not ending.,00:00:15:27,
QZDASOINIT/420271,QZDASOINIT,420271,QUSER,BATCH,ACTIVE,TIMA,,2015-07-09,10:21:37,,,QUSRWRK,20 ,Job not ending.,00:00:15:36,
AISHMAELC1/420307,AISHMAELC1,420307,JF3AISHM,INTERACTIVE,ACTIVE,DSPW,RLS,2015-07-09,10:22:32,,,INTJFB3,20 ,Job not ending.,00:00:14:41,
QZDASOINIT/420306,QZDASOINIT,420306,QUSER,BATCH,ACTIVE,PSRW,,2015-07-09,10:22:27,,,QUSRWRK,20 ,Job not ending.,00:00:14:46,
QZDASOINIT/420308,QZDASOINIT,420308,QUSER,BATCH,ACTIVE,PSRW,,2015-07-09,10:22:40,,,QUSRWRK,20 ,Job not ending.,00:00:14:33,
QZDASOINIT/420309,QZDASOINIT,420309,QUSER,BATCH,ACTIVE,PSRW,,2015-07-09,10:23:05,,,QUSRWRK,20 ,Job not ending.,00:00:14:08,
QZDASOINIT/420312,QZDASOINIT,420312,QUSER,BATCH,ACTIVE,PSRW,,2015-07-09,10:23:32,,,QUSRWRK,20 ,Job not ending.,00:00:13:41,
QZDASOINIT/420311,QZDASOINIT,420311,QUSER,BATCH,ACTIVE,PSRW,,2015-07-09,10:23:31,,,QUSRWRK,20 ,Job not ending.,00:00:13:42,
QZDASOINIT/420310,QZDASOINIT,420310,QUSER,BATCH,ACTIVE,PSRW,,2015-07-09,10:23:30,,,QUSRWRK,20 ,Job not ending.,00:00:13:43,
QZDASOINIT/420315,QZDASOINIT,420315,QUSER,BATCH,ACTIVE,PSRW,,2015-07-09,10:23:47,,,QUSRWRK,20 ,Job not ending.,00:00:13:26,
QZDASOINIT/420313,QZDASOINIT,420313,QUSER,BATCH,ACTIVE,PSRW,,2015-07-09,10:23:38,,,QUSRWRK,20 ,Job not ending.,00:00:13:35,
QZDASOINIT/420314,QZDASOINIT,420314,QUSER,BATCH,ACTIVE,TIMW,,2015-07-09,10:23:38,,,QUSRWRK,20 ,Job not ending.,00:00:13:35,
QZDASOINIT/420316,QZDASOINIT,420316,QUSER,BATCH,ACTIVE,TIMW,,2015-07-09,10:24:06,,,QUSRWRK,20 ,Job not ending.,00:00:13:07,
QZDASOINIT/420317,QZDASOINIT,420317,QUSER,BATCH,ACTIVE,TIMW,,2015-07-09,10:24:46,,,QUSRWRK,20 ,Job not ending.,00:00:12:27,
QZDASOINIT/420318,QZDASOINIT,420318,QUSER,BATCH,ACTIVE,TIMW,,2015-07-09,10:25:37,,,QUSRWRK,20 ,Job not ending.,00:00:11:36,
QZDASOINIT/420320,QZDASOINIT,420320,QUSER,BATCH,ACTIVE,PSRW,,2015-07-09,10:27:14,,,QUSRWRK,20 ,Job not ending.,00:00:09:59,
QZSOSIGN/420321,QZSOSIGN,420321,QUSER,BATCH,ACTIVE,PSRW,,2015-07-09,10:28:09,,,QUSRWRK,20 ,Job not ending.,00:00:09:04,
QZDASOINIT/420323,QZDASOINIT,420323,QUSER,BATCH,ACTIVE,TIMW,,2015-07-09,10:28:32,,,QUSRWRK,20 ,Job not ending.,00:00:08:41,
QZDASOINIT/420324,QZDASOINIT,420324,QUSER,BATCH,ACTIVE,TIMW,,2015-07-09,10:29:41,,,QUSRWRK,20 ,Job not ending.,00:00:07:32,
#JFBPCSAM/419988,#JFBPCSAM,419988,JFHOPER,BATCH,ACTIVE,RUN,RLS,2015-07-09,08:52:56,,,BCHJFBH,50 ,Job not ending.,00:01:44:17,
QZRCSRVS/420334,QZRCSRVS,420334,QUSER,BATCH,ACTIVE,PSRW,,2015-07-09,10:30:48,,,QUSRWRK,20 ,Job not ending.,00:00:06:25,
QZRCSRVS/420335,QZRCSRVS,420335,QUSER,BATCH,ACTIVE,PSRW,,2015-07-09,10:30:48,,,QUSRWRK,20 ,Job not ending.,00:00:06:25,
QZDASOINIT/420329,QZDASOINIT,420329,QUSER,BATCH,ACTIVE,TIMW,,2015-07-09,10:30:45,,,QUSRWRK,20 ,Job not ending.,00:00:06:28,
QZDASOINIT/420339,QZDASOINIT,420339,QUSER,BATCH,ACTIVE,TIMW,,2015-07-09,10:31:04,,,QUSRWRK,20 ,Job not ending.,00:00:06:09,
QZDASOINIT/420338,QZDASOINIT,420338,QUSER,BATCH,ACTIVE,TIMW,,2015-07-09,10:30:55,,,QUSRWRK,20 ,Job not ending.,00:00:06:18,
QZDASOINIT/420340,QZDASOINIT,420340,QUSER,BATCH,MSG_WAIT,PSRW,,2015-07-09,10:31:10,,,QUSRWRK,20 ,Job not ending.,00:00:06:03,
QZSOSIGN/420342,QZSOSIGN,420342,QUSER,BATCH,ACTIVE,PSRW,,2015-07-09,10:32:22,,,QUSRWRK,20 ,Job not ending.,00:00:04:51,
QZDASOINIT/420346,QZDASOINIT,420346,QUSER,BATCH,ACTIVE,TIMW,,2015-07-09,10:34:32,,,QUSRWRK,20 ,Job not ending.,00:00:02:41,
GDSPRICRCV/420344,GDSPRICRCV,420344,JFHADMIN,BATCH,ACTIVE,DLYW,RLS,2015-07-09,10:34:23,,,BCHJFBH,50 ,Job not ending.,00:00:02:50,
GMARGU4C/420347,GMARGU4C,420347,JFHADMIN,BATCH,ACTIVE,LCKW,RLS,2015-07-09,10:35:01,,,BCHJFBH,50 ,Job not ending.,00:00:02:12,
QZDASOINIT/406814,QZDASOINIT,406814,QUSER,BATCH,ACTIVE,PSRW,,2015-07-05,06:36:16,,,QUSRWRK,20 ,Job not ending.,04:04:00:57,
QZDASOINIT/406815,QZDASOINIT,406815,QUSER,BATCH,MSG_WAIT,PSRW,,2015-07-05,06:36:16,,,QUSRWRK,20 ,Job not ending.,04:04:00:57,
QZDASOINIT/420348,QZDASOINIT,420348,QUSER,BATCH,MSG_WAIT,TIMW,,2015-07-09,10:36:42,,,QUSRWRK,20 ,Job not ending.,00:00:00:31,
